No,ID_ID,ID,Label,Country,State,County_Parish,Origin_for_NCBI,Status,Gly_Box,Zip_Code,Field_Clone,Field_Clone_No,Plant_Clone,NewPlant_Clone,Plant_Clone_group,LAT,LONG,LAT_LONG_for_NCBI,Notes,Host,Host_ScientificName,Substrate,isolation_source_for_NCBI,Species,Cultivar,GrowthStage,PreviousCrop,Collector,Coll.Date,Year,Type,Species_Type,DMCC_Number,Hy_PopAdmixture1,Hy_PopAdmixture2,Hyp_PopThreeClustAfterAdm1,Hyp_PopPCA1ByState,Hy_PopPCAAdmixture1,Hyp_Pop1,Hyp_Pop2,Hyp_Pop3,Hyp_Pop4,Hyp_Admix_postPCA,Hyp_Admix_postPCA_Final,Hyp_Final
1,1956_JDR_1956_JDR,1956_JDR,Hemmes_Xy-9b_X._arbuscula,USA,HI,Hemmes,USA:HI,NA,NA,NA,NA,NA,NA,NA,NA,NA,NA,missing,,Undetermined,Undetermined,DeadWood,Undetermined:DeadWood,Xylaria arbuscula,NA,NA,NA,Ju_Y-M.Rogers_JD,1990-05-22,1990,Historical,X.arbuscula_Historical,None,None,None,None,NA,None,PacificOcean,PacificOcean,PacificOcean,PacificOcean,None,None,None
2,1960_JDR,1960_JDR,Xylaria_arbuscula_Sacc_Ko209F,USA,HI,Ko,USA:HI,NA,NA,NA,NA,NA,NA,NA,NA,NA,NA,missing,,Undetermined,Undetermined,DeadWood,Undetermined:DeadWood,Xylaria arbuscula,NA,NA,NA,Ju_Y-M.Siucanno,NA,,Historical,X.arbuscula_Historical,None,None,None,None,NA,None,PacificOcean,PacificOcean,PacificOcean,PacificOcean,None,None,None
3,BPI583548_BPI583548,BPI583548,Xylaria_arbuscula_Sacc.,USA,LA,East_Baton_Rouge,USA:LA,NA,NA,NA,NA,NA,NA,LA_EastBatonRouge_Hist_Gardenia,NA,30.45075,-91.15455,30.45075 N -91.15455 W,,Gardenia,Gardenia_sp.,Unknown,Gardenia:Unknown,Xylaria necrophora,NA,NA,NA,Plakidas.A.G.,1940-05-01,1940,Historical,X.necrophora_Historical,None,None,None,None,Lin1,None,WestMissRiver,WestMissRiver,SouthernLA,SouthernLA,None,None,None
4,BPI584026_BPI584026,BPI584026,Xylaria_arbuscula_Sacc.,USA,LA,Houma,USA:LA,NA,NA,NA,NA,NA,NA,LA_Houma_Hist_Saccharum,NA,29.59577,-90.71954,29.59577 N -90.71954 W,,Sugarcane,Saccharum_officinarum,Unknown,Sugarcane:Unknown,Xylaria necrophora,NA,NA,NA,Rands.R.D.,1938-10-01,1938,Historical,X.necrophora_Historical,None,Lin1,Lin1,Lin1,Lin1,Lin1,WestMissRiver,WestMissRiver,SouthernLA,SouthernLA,Lin1,Lin1,Lin1
5,BPI584125_BPI584125,BPI584125,Xylaria_arbuscula_Sacc.,USA,FL,Coconut_Grove,USA:FL,NA,NA,NA,NA,NA,NA,FL_RoyalPalmHammock_Hist_Undet,NA,25.7126,-80.257,25.7126 N -80.257 W,,Undetermined,Undetermined,DeadWood,Undetermined:DeadWood,Xylaria necrophora,NA,NA,NA,Thaxter.R.,NA,,Historical,X.necrophora_Historical,None,None,None,None,NA,None,EastMissRiver,EastMissRiver,Florida,Florida,None,None,None
6,BPI584151_BPI584151,BPI584151,Xylaria_arbuscula_Sacc.,USA,FL,Royal_Palm_Hammock,USA:FL,NA,NA,NA,NA,NA,NA,FL_CoconutGrove_Hist_Undet,NA,25.99426,-81.59175,25.99426 N -81.59175 W,,Undetermined,Undetermined,DeadWood,Undetermined:DeadWood,Xylaria necrophora,NA,NA,NA,Shear.C.L.,1923-11-06,1923,Historical,X.necrophora_Historical,None,None,None,None,NA,None,EastMissRiver,EastMissRiver,Florida,Florida,None,None,None
7,BPI584189_BPI584189,BPI584189,Xylaria_arbuscula_Sacc.,USA,FL,Big_Tree,USA:FL,NA,NA,NA,NA,NA,NA,NA,NA,28.55365,-81.3699556,28.55365 N -81.3699556 W,,LiveOak,Quercus_sp.,DeadWood,LiveOak:DeadWood,Xylaria arbuscula,NA,NA,,Shear.C.L.,1943-01-25,1943,Historical,X.arbuscula_Historical,None,None,None,None,NA,None,EastMissRiver,EastMissRiver,Florida,Florida,None,None,None
8,DMCC1467_DMCC1467,DMCC1467,LA-2016-1,USA,LA,Franklin,USA:LA,Lyophilized,0,NA,LA_Franklin_01,1,LA_Franklin_01_Clone1,LA_Franklin_01_Clone1,Clone1,32.03189,-91.564801,32.03189 N -91.564801 W,0,Soybean,Glycine_max,LiveRoots,Soybean:LiveRoots,Xylaria necrophora,0,0,0,T.Price,1905-07-08,2016,Contemp,X.necrophora_Contemp,DMCC1467_DMCC1467,Lin1,Lin1,Lin1,Lin1,Lin1,WestMissRiver,WestMissRiver,WestMissRiver,WestMissRiver,Lin1,Lin1,Lin1
9,DMCC1468_DMCC1468,DMCC1468,LA-2016-2,USA,LA,Madison,USA:LA,Lyophilized,0,NA,LA_Madison_01,1,LA_Madison_01_Clone1,LA_Madison_01_Clone1,Clone1,32.476882,-91.435039,32.476882 N -91.435039 W,0,Soybean,Glycine_max,LiveRoots,Soybean:LiveRoots,Xylaria necrophora,0,0,0,T.Price,1905-07-08,2016,Contemp,X.necrophora_Contemp,DMCC1468_DMCC1468,Lin1,Lin1_Lin2,Lin1,Lin2,Lin2,WestMissRiver,WestMissRiver,WestMissRiver,WestMissRiver,Lin1,Admix,Lin2
10,DMCC1469_DMCC1469,DMCC1469,LA-2016-3,USA,LA,West_Carrol,USA:LA,Lyophilized,0,NA,LA_West_Carrol_01,1,LA_West_Carrol_01_Clone1,LA_West_Carrol_01_Clone1,Clone1,32.644439,-91.409137,32.644439 N -91.409137 W,0,Soybean,Glycine_max,LiveRoots,Soybean:LiveRoots,Xylaria necrophora,0,0,0,T.Price,1905-07-08,2016,Contemp,X.necrophora_Contemp,DMCC1469_DMCC1469,Lin2,Lin2,Lin2,Lin2,Lin2,WestMissRiver,WestMissRiver,WestMissRiver,WestMissRiver,Lin2,Lin2,Lin3
11,DMCC1485_DMCC1485,DMCC1485,LA-2016-4,USA,LA,West_Carrol,USA:LA,Lyophilized,0,NA,LA_West_Carrol_02,2,LA_West_Carrol_02_Clone1,LA_West_Carrol_02_Clone1,Clone1,32.913588,-91.452126,32.913588 N -91.452126 W,0,Soybean,Glycine_max,LiveRoots,Soybean:LiveRoots,Xylaria necrophora,0,0,0,T.Price,1905-07-08,2016,Contemp,X.necrophora_Contemp,DMCC1485_DMCC1485,Lin1,Lin1,Lin1,Lin1,Lin1,WestMissRiver,WestMissRiver,WestMissRiver,WestMissRiver,Lin1,Lin1,Lin1
12,DMCC1486_DMCC1486,DMCC1486,LA-2016-5,USA,LA,East_Carrol,USA:LA,Lyophilized,0,NA,LA_East_Carrol_01,1,LA_East_Carrol_01_Clone1,LA_East_Carrol_01_Clone1,Clone1,32.765212,-91.276662,32.765212 N -91.276662 W,0,Soybean,Glycine_max,LiveRoots,Soybean:LiveRoots,Xylaria necrophora,0,0,0,T.Price,1905-07-08,2016,Contemp,X.necrophora_Contemp,DMCC1486_DMCC1486,Lin2,Lin2,Lin2,Lin2,Lin2,WestMissRiver,WestMissRiver,WestMissRiver,WestMissRiver,Lin2,Lin2,Lin3
13,DMCC1487_DMCC1487,DMCC1487,LA-2016-6,USA,LA,East_Carrol,USA:LA,Lyophilized,0,NA,LA_East_Carrol_05,1,LA_East_Carrol_05_Clone1,LA_East_Carrol_05_Clone1,Clone1,32.773593,-91.243585,32.773593 N -91.243585 W,0,Soybean,Glycine_max,LiveRoots,Soybean:LiveRoots,Xylaria necrophora,0,0,0,T.Price,1905-07-08,2016,Contemp,X.necrophora_Contemp,DMCC1487_DMCC1487,Lin1,Lin1,Lin1,Lin1,Lin1,WestMissRiver,WestMissRiver,WestMissRiver,WestMissRiver,Lin1,Lin1,Lin1
14,DMCC1509_DMCC1509,DMCC1509,LA-2016-9,USA,LA,Tensas,USA:LA,Lyophilized,0,NA,LA_Tensas_01,1,LA_Tensas_01_Clone1,LA_Tensas_01_Clone1,Clone1,31.942194,-91.225891,31.942194 N -91.225891 W,0,Soybean,Glycine_max,LiveRoots,Soybean:LiveRoots,Xylaria necrophora,0,0,0,T.Price,1905-07-08,2016,Contemp,X.necrophora_Contemp,DMCC1509_DMCC1509,Lin1,Lin1,Lin1,Lin1,Lin1,WestMissRiver,WestMissRiver,WestMissRiver,WestMissRiver,Lin1,Lin1,Lin1
15,DMCC2089_DMCC2089,DMCC2089,TG06062017-02,USA,LA,Morehouse,USA:LA,Lyophilized,0,NA,LA_Morehouse_01,1,LA_Morehouse_01_Clone1,LA_Morehouse_01_Clone1,Clone1,32.808165,-91.726395,32.808165 N -91.726395 W,,Soybean,Glycine_max,LiveRoots,Soybean:LiveRoots,Xylaria necrophora,0,0,0,T.Garcia-Aroca,2017-06-06,2017,Contemp,X.necrophora_Contemp,DMCC2089_DMCC2089,Lin1,Lin1,Lin1,Lin1,Lin1,WestMissRiver,WestMissRiver,WestMissRiver,WestMissRiver,Lin1,Lin1,Lin1
16,DMCC2091_DMCC2091,DMCC2091,TG06062017-03,USA,LA,East_Carrol,USA:LA,Lyophilized,0,NA,LA_East_Carrol_04,4,LA_East_Carrol_04_Clone2,LA_East_Carrol_04_Clone2,Clone4,32.9259,-91.2884,32.9259 N -91.2884 W,0,Soybean,Glycine_max,LiveRoots,Soybean:LiveRoots,Xylaria necrophora,AG4786,0,0,T.Garcia-Aroca,2017-06-06,2017,Contemp,X.necrophora_Contemp,DMCC2091_DMCC2091,Lin1,Lin1,Lin1,Lin1,Lin1,WestMissRiver,WestMissRiver,WestMissRiver,WestMissRiver,Lin1,Lin1,Lin1
17,DMCC2095_DMCC2095,DMCC2095,TG06072017-04-01,USA,LA,Franklin,USA:LA,Lyophilized,0,NA,LA_Franklin_02,2,LA_Franklin_02_Clone1,LA_Franklin_02_Clone1,Clone1,32.03143,-91.56208,32.03143 N -91.56208 W,0,Soybean,Glycine_max,LiveRoots,Soybean:LiveRoots,Xylaria necrophora,0,0,0,T.Garcia-Aroca,2017-06-07,2017,Contemp,X.necrophora_Contemp,DMCC2095_DMCC2095,Lin1,Lin1,Lin3,Lin1,Lin1,WestMissRiver,WestMissRiver,WestMissRiver,WestMissRiver,Lin1,Lin1,Lin1
18,DMCC2097_DMCC2097,DMCC2097,C2I9,USA,AR,Craighead,USA:AR,Lyophilized,B2D2,NA,AR_Craighead_01,1,AR_Craighead_01_Clone1,AR_Craighead_01_Clone1,Clone1,35.736239,-90.340424,35.736239 N -90.340424 W,0,Soybean,Glycine_max,LiveRoots,Soybean:LiveRoots,Xylaria necrophora,0,0,0,T.Allen,1905-07-08,2016,Contemp,X.necrophora_Contemp,DMCC2097_DMCC2097,Lin1,Lin1,Lin1,Lin1,Lin1,WestMissRiver,WestMissRiver,WestMissRiver,WestMissRiver,Lin1,Lin1,Lin1
19,DMCC2098_DMCC2098,DMCC2098,G2I2,USA,MS,George,USA:MS,Lyophilized,B2D2,NA,MS_George_01,1,MS_George_01_Clone1,MS_George_01_Clone1,Clone1,30.87591,-88.66979,30.87591 N -88.66979 W,0,Soybean,Glycine_max,LiveRoots,Soybean:LiveRoots,Xylaria necrophora,0,0,0,T.Allen,1905-07-08,2016,Contemp,X.necrophora_Contemp,DMCC2098_DMCC2098,Lin1,Lin1,Lin1,Lin1,Lin1,EastMissRiver,EastMissRiver,SouthernMS,SouthernMS_5,Lin1,Lin1,Lin1
20,DMCC2099_DMCC2099,DMCC2099,PAI1,USA,MS,Panola,USA:MS,Lyophilized,B2D2,NA,MS_Panola_01,1,MS_Panola_01_Clone1,MS_Panola_01_Clone1,Clone1,34.326836,-89.81316,34.326836 N -89.81316 W,0,Soybean,Glycine_max,LiveRoots,Soybean:LiveRoots,Xylaria necrophora,0,0,0,T.Allen,1905-07-08,2016,Contemp,X.necrophora_Contemp,DMCC2099_DMCC2099,Lin1,Lin1,Lin1,Lin1,Lin1,EastMissRiver,EastMissRiver,EastMissRiver,EastMissRiver_Yal,Lin1,Lin1,Lin1
21,DMCC2100_DMCC2100,DMCC2100,FOI2,USA,MS,Forrest,USA:MS,Lyophilized,B2D2,NA,MS_Forest_01,1,MS_Forest_01_Clone1,MS_Forest_01_Clone1,Clone1,31.32513,-89.17921,31.32513 N -89.17921 W,0,Soybean,Glycine_max,LiveRoots,Soybean:LiveRoots,Xylaria necrophora,0,0,0,T.Allen,1905-07-08,2016,Contemp,X.necrophora_Contemp,DMCC2100_DMCC2100,Lin1,Lin1_Lin2,Lin1,Lin1,Lin1,EastMissRiver,EastMissRiver,SouthernMS,SouthernMS_1,Lin1,Lin1,Lin1
22,DMCC2101_DMCC2101,DMCC2101,PYI1,USA,MS,Perry,USA:MS,Lyophilized,B2D2,NA,MS_Perry_01,1,MS_Perry_01_Clone1,MS_Perry_01_Clone1,Clone1,31.29728,-89.13347,31.29728 N -89.13347 W,0,Soybean,Glycine_max,LiveRoots,Soybean:LiveRoots,Xylaria necrophora,0,0,0,T.Allen,1905-07-08,2016,Contemp,X.necrophora_Contemp,DMCC2101_DMCC2101,Lin1,Lin1,Lin1,Lin1,Lin1,EastMissRiver,EastMissRiver,SouthernMS,SouthernMS_1,Lin1,Lin1,Lin1
23,DMCC2102_DMCC2102,DMCC2102,LEI4,USA,MS,Lee,USA:MS,Lyophilized,B2D2,NA,MS_Lee_01,1,MS_Lee_01_Clone1,MS_Lee_01_Clone1,Clone1,34.168006,-88.739052,34.168006 N -88.739052 W,0,Soybean,Glycine_max,LiveRoots,Soybean:LiveRoots,Xylaria necrophora,0,0,0,T.Allen,1905-07-08,2016,Contemp,X.necrophora_Contemp,DMCC2102_DMCC2102,Lin1,Lin1,Lin1,Lin1,Lin1,EastMissRiver,EastMissRiver,MS_AL,MS_AL,Lin1,Lin1,Lin1
24,DMCC2103_DMCC2103,DMCC2103,FI12,USA,MS,Holmes,USA:MS,Lyophilized,B2D2,NA,MS_Holmes_01,1,MS_Holmes_01_Clone1,MS_Holmes_01_Clone1,Clone1,33.1343944,-90.2059361,33.1343944 N -90.2059361 W,0,Soybean,Glycine_max,LiveRoots,Soybean:LiveRoots,Xylaria necrophora,0,0,0,T.Allen,1905-07-08,2016,Contemp,X.necrophora_Contemp,DMCC2103_DMCC2103,Lin2,Lin2_Lin1,Lin2,Lin1,Lin2,EastMissRiver,EastMissRiver,EastMissRiver,EastMissRiver,Lin2,Lin1,Lin1
25,DMCC2104_DMCC2104,DMCC2104,LMI8,USA,MS,Lamar,USA:MS,Lyophilized,B2D2,NA,MS_Lamar_01,1,MS_Lamar_01_Clone1,MS_Lamar_01_Clone1,Clone1,31.388,-89.53981,31.388 N -89.53981 W,0,Soybean,Glycine_max,LiveRoots,Soybean:LiveRoots,Xylaria necrophora,0,0,0,T.Allen,1905-07-08,2016,Contemp,X.necrophora_Contemp,DMCC2104_DMCC2104,Lin2,Lin2,Lin2,Lin1,Lin2,EastMissRiver,EastMissRiver,SouthernMS,SouthernMS_1,Lin2,Lin2,Lin3
26,DMCC2105_DMCC2105,DMCC2105,G1I4,USA,MS,George,USA:MS,Lyophilized,B2D2,NA,MS_George_02,2,MS_George_02_Clone1,MS_George_02_Clone1,Clone1,30.91021,-88.5726,30.91021 N -88.5726 W,0,Soybean,Glycine_max,LiveRoots,Soybean:LiveRoots,Xylaria necrophora,0,0,0,T.Allen,1905-07-08,2016,Contemp,X.necrophora_Contemp,DMCC2105_DMCC2105,Lin2,Lin2,Lin2,Lin2,Lin2,EastMissRiver,EastMissRiver,SouthernMS,SouthernMS_5,Lin2,Admix,Lin2
27,DMCC2106_DMCC2106,DMCC2106,ALI3,USA,AL,Sumter,USA:AL,Lyophilized,B2D2,NA,AL_Sumter_01,1,AL_Sumter_01_Clone1,AL_Sumter_01_Clone1,Clone1,32.8871917,-88.3446472,32.8871917 N -88.3446472 W,0,Soybean,Glycine_max,LiveRoots,Soybean:LiveRoots,Xylaria necrophora,0,0,0,T.Allen,1905-07-08,2016,Contemp,X.necrophora_Contemp,DMCC2106_DMCC2106,Lin2,Lin2,Lin2,Lin2,Lin2,EastMissRiver,EastMissRiver,MS_AL,MS_AL,Lin2,Lin2,Lin3
28,DMCC2108_DMCC2108,DMCC2108,GI16,USA,MS,George,USA:MS,Lyophilized,B2D2,NA,MS_George_03,3,MS_George_03_Clone1,MS_George_03_Clone1,Clone1,30.7660833,-88.58745,30.7660833 N -88.58745 W,0,Soybean,Glycine_max,LiveRoots,Soybean:LiveRoots,Xylaria necrophora,0,0,0,T.Allen,1905-07-08,2016,Contemp,X.necrophora_Contemp,DMCC2108_DMCC2108,Lin2,Lin2_Lin1,Lin2,Lin1,Lin2,EastMissRiver,EastMissRiver,SouthernMS,SouthernMS_5,Lin1,Lin1,Lin1
29,DMCC2109_DMCC2109,DMCC2109,HI11,USA,MS,Hinds,USA:MS,Lyophilized,B2D2,NA,MS_Hinds_01,1,MS_Hinds_01_Clone1,MS_Hinds_01_Clone1,Clone1,32.21049,-90.47832,32.21049 N -90.47832 W,0,Soybean,Glycine_max,LiveRoots,Soybean:LiveRoots,Xylaria necrophora,0,0,0,T.Allen,1905-07-08,2016,Contemp,X.necrophora_Contemp,DMCC2109_DMCC2109,Lin1,Lin1,Lin1,Lin1,Lin1,EastMissRiver,EastMissRiver,EastMissRiver,EastMissRiver_Hinds,Lin1,Lin1,Lin1
30,DMCC2110_DMCC2110,DMCC2110,JI13,USA,MS,Jackson,USA:MS,Lyophilized,B2D2,NA,MS_Jacskson_01,1,MS_Jacskson_01_Clone1,MS_Jacskson_01_Clone1,Clone1,30.66489,-88.41192,30.66489 N -88.41192 W,0,Soybean,Glycine_max,LiveRoots,Soybean:LiveRoots,Xylaria necrophora,0,0,0,T.Allen,1905-07-08,2016,Contemp,X.necrophora_Contemp,DMCC2110_DMCC2110,Lin1,Lin1_Lin2,Lin1,Lin1,Lin1,EastMissRiver,EastMissRiver,SouthernMS,SouthernMS_5,Lin1,Lin1,Lin1
31,DMCC2111_DMCC2111,DMCC2111,L1I4,USA,MS,Lafayette,USA:MS,Lyophilized,B2D2,NA,MS_Lafayette_01,1,MS_Lafayette_01_Clone1,MS_Lafayette_01_Clone1,Clone1,34.173053,-89.501333,34.173053 N -89.501333 W,0,Soybean,Glycine_max,LiveRoots,Soybean:LiveRoots,Xylaria necrophora,0,0,0,T.Allen,1905-07-08,2016,Contemp,X.necrophora_Contemp,DMCC2111_DMCC2111,Lin2,Lin2,Lin2,Lin2,Lin2,EastMissRiver,EastMissRiver,EastMissRiver,EastMissRiver_Yal,Lin2,Lin2,Lin3
32,DMCC2113_DMCC2113,DMCC2113,LFI7,USA,MS,Leflore,USA:MS,Lyophilized,B2D2,NA,MS_Leflore_01,1,MS_Leflore_01_Clone1,MS_Leflore_01_Clone1,Clone1,33.744124,-90.313346,33.744124 N -90.313346 W,0,Soybean,Glycine_max,LiveRoots,Soybean:LiveRoots,Xylaria necrophora,0,0,0,T.Allen,1905-07-08,2016,Contemp,X.necrophora_Contemp,DMCC2113_DMCC2113,Lin2,Lin2_Lin1,Lin2,Lin1,Lin2,EastMissRiver,EastMissRiver,EastMissRiver,EastMissRiver,Lin1,Lin1,Lin1
33,DMCC2114_DMCC2114,DMCC2114,MOI7,USA,MO,Greene,USA:MO,Lyophilized,B2D2,NA,MO_Greene_01,1,MO_Greene_01_Clone1,MO_Greene_01_Clone1,Clone1,36.0469,-90.11431,36.0469 N -90.11431 W,0,Soybean,Glycine_max,LiveRoots,Soybean:LiveRoots,Xylaria necrophora,0,0,0,T.Allen,1905-07-08,2016,Contemp,X.necrophora_Contemp,DMCC2114_DMCC2114,Lin1,Lin1,Lin1,Lin1,Lin1,WestMissRiver,WestMissRiver,WestMissRiver,WestMissRiver,Lin1,Lin1,Lin1
34,DMCC2115_DMCC2115,DMCC2115,M1I3,USA,MS,Monroe,USA:MS,Lyophilized,B2D2,NA,MS_Monroe_01,1,MS_Monroe_01_Clone1,MS_Monroe_01_Clone1,Clone1,33.770934,-88.466259,33.770934 N -88.466259 W,0,Soybean,Glycine_max,LiveRoots,Soybean:LiveRoots,Xylaria necrophora,0,0,0,T.Allen,1905-07-08,2016,Contemp,X.necrophora_Contemp,DMCC2115_DMCC2115,Lin2,Lin2_Lin1,Lin2,Lin1,Lin2,EastMissRiver,EastMissRiver,MS_AL,MS_AL,Lin1,Lin1,Lin1
35,DMCC2116_DMCC2116,DMCC2116,M2I6,USA,MS,Monroe,USA:MS,Lyophilized,B2D2,NA,MS_Monroe_02,2,MS_Monroe_02_Clone1,MS_Monroe_02_Clone1,Clone1,33.683111,-88.632492,33.683111 N -88.632492 W,0,Soybean,Glycine_max,LiveRoots,Soybean:LiveRoots,Xylaria necrophora,0,0,0,T.Allen,1905-07-08,2016,Contemp,X.necrophora_Contemp,DMCC2116_DMCC2116,Lin1,Lin1,Lin1,Lin1,Lin1,EastMissRiver,EastMissRiver,MS_AL,MS_AL,Lin1,Lin1,Lin1
36,DMCC2117_DMCC2117,DMCC2117,NM16,USA,MS,Sharkey,USA:MS,Lyophilized,B2D2,NA,MS_Sharkey_01,1,MS_Sharkey_01_Clone1,MS_Sharkey_01_Clone1,Clone1,33.0421667,-90.7957972,33.0421667 N -90.7957972 W,0,Soybean,Glycine_max,LiveRoots,Soybean:LiveRoots,Xylaria necrophora,0,0,0,T.Allen,1905-07-08,2016,Contemp,X.necrophora_Contemp,DMCC2117_DMCC2117,Lin1,Lin1,Lin1,Lin1,Lin1,EastMissRiver,EastMissRiver,EastMissRiver,EastMissRiver,Lin1,Lin1,Lin1
37,DMCC2118_DMCC2118,DMCC2118,NOX1,USA,MS,Noxubee,USA:MS,Lyophilized,B2D2,NA,MS_Noxubee_01,1,MS_Noxubee_01_Clone1,MS_Noxubee_01_Clone1,Clone1,33.2105,-88.5034944,33.2105 N -88.5034944 W,0,Soybean,Glycine_max,LiveRoots,Soybean:LiveRoots,Xylaria necrophora,0,0,0,T.Allen,1905-07-08,2016,Contemp,X.necrophora_Contemp,DMCC2118_DMCC2118,Lin1,Lin1,Lin1,Lin1,Lin1,EastMissRiver,EastMissRiver,MS_AL,MS_AL,Lin1,Lin1,Lin1
38,DMCC2119_DMCC2119,DMCC2119,PRI5,USA,MS,Pearl_River,USA:MS,Lyophilized,B2D2,NA,MS_Pearl_River_01,1,MS_Pearl_River_01_Clone1,MS_Pearl_River_01_Clone1,Clone1,30.83961,-89.54633,30.83961 N -89.54633 W,0,Soybean,Glycine_max,LiveRoots,Soybean:LiveRoots,Xylaria necrophora,0,0,0,T.Allen,1905-07-08,2016,Contemp,X.necrophora_Contemp,DMCC2119_DMCC2119,Lin1,Lin1,Lin1,Lin1,Lin1,EastMissRiver,EastMissRiver,SouthernMS,SouthernMS_2,Lin1,Lin1,Lin1
39,DMCC2120_DMCC2120,DMCC2120,TEI1,USA,MS,Tallahatchie,USA:MS,Lyophilized,B2D2,NA,MS_Tallahatchie_01,1,MS_Tallahatchie_01_Clone1,MS_Tallahatchie_01_Clone1,Clone1,33.949496,-90.311269,33.949496 N -90.311269 W,0,Soybean,Glycine_max,LiveRoots,Soybean:LiveRoots,Xylaria necrophora,0,0,0,T.Allen,1905-07-08,2016,Contemp,X.necrophora_Contemp,DMCC2120_DMCC2120,Lin1,Lin1,Lin1,Lin1,Lin1,EastMissRiver,EastMissRiver,EastMissRiver,EastMissRiver,Lin1,Lin1,Lin1
40,DMCC2121_DMCC2121,DMCC2121,LS15,USA,MS,Lee,USA:MS,Lyophilized,B2D2,NA,MS_Lee_02,2,MS_Lee_02_Clone1,MS_Lee_02_Clone1,Clone1,34.169006,-88.737052,34.169006 N -88.737052 W,0,Soybean,Glycine_max,LiveRoots,Soybean:LiveRoots,Xylaria necrophora,0,0,0,T.Allen,1905-07-08,2016,Contemp,X.necrophora_Contemp,DMCC2121_DMCC2121,Lin1,Lin1,Lin1,Lin1,Lin1,EastMissRiver,EastMissRiver,MS_AL,MS_AL,Lin1,Lin1,Lin1
41,DMCC2122_DMCC2122,DMCC2122,Yalabusha_1_I2,USA,MS,Yalobusha,USA:MS,Lyophilized,B2D2,NA,MS_Yalobusha_01,1,MS_Yalobusha_01_Clone1,MS_Yalobusha_01_Clone1,Clone1,34.169402,-89.5118,34.169402 N -89.5118 W,0,Soybean,Glycine_max,LiveRoots,Soybean:LiveRoots,Xylaria necrophora,0,0,0,T.Allen,1905-07-08,2016,Contemp,X.necrophora_Contemp,DMCC2122_DMCC2122,Lin1,Lin1,Lin1,Lin1,Lin1,EastMissRiver,EastMissRiver,EastMissRiver,EastMissRiver_Yal,Lin1,Lin1,Lin1
42,DMCC2123_DMCC2123,DMCC2123,Yalabusha_2_I4,USA,MS,Yalobusha,USA:MS,Lyophilized,B2D2,NA,MS_Yalobusha_02,2,MS_Yalobusha_02_Clone1,MS_Yalobusha_02_Clone1,Clone1,34.138876,-89.582948,34.138876 N -89.582948 W,0,Soybean,Glycine_max,LiveRoots,Soybean:LiveRoots,Xylaria necrophora,0,0,0,T.Allen,1905-07-08,2016,Contemp,X.necrophora_Contemp,DMCC2123_DMCC2123,Lin1,Lin1,Lin1,Lin1,Lin1,EastMissRiver,EastMissRiver,EastMissRiver,EastMissRiver_Yal,Lin1,Lin1,Lin1
43,DMCC2124_DMCC2124,DMCC2124,Y1I5,USA,MS,Yazoo,USA:MS,Lyophilized,B2D2,NA,MS_Yazoo_01,1,MS_Yazoo_01_Clone1,MS_Yazoo_01_Clone1,Clone1,32.6478,-90.37586,32.6478 N -90.37586 W,0,Soybean,Glycine_max,LiveRoots,Soybean:LiveRoots,Xylaria necrophora,0,0,0,T.Allen,1905-07-08,2016,Contemp,X.necrophora_Contemp,DMCC2124_DMCC2124,Lin2,Lin2,Lin2,Lin1,Lin1,EastMissRiver,EastMissRiver,EastMissRiver,EastMissRiver,Lin1,Admix,Lin2
44,DMCC2125_DMCC2125,DMCC2125,TG06072017-03-01,USA,LA,Franklin,USA:LA,Lyophilized,B3C1,NA,LA_Franklin_03,3,LA_Franklin_03_Clone2,LA_Franklin_03_Clone2,Clone2,32.14034,-91.68772,32.14034 N -91.68772 W,0,Soybean,Glycine_max,LiveRoots,Soybean:LiveRoots,Xylaria necrophora,0,0,0,T.Garcia-Aroca,2017-06-07,2017,Contemp,X.necrophora_Contemp,DMCC2125_DMCC2125,Lin1,Lin1,Lin1,Lin1,Lin1,WestMissRiver,WestMissRiver,WestMissRiver,WestMissRiver,Lin2,Lin1,Lin1
45,DMCC2126_DMCC2126,DMCC2126,TG06202017-03,USA,LA,Madison,USA:LA,Lyophilized,0,NA,LA_Madison_02,2,LA_Madison_02_Clone1,LA_Madison_02_Clone1,Clone1,32.43375,-91.23473,32.43375 N -91.23473 W,0,Soybean,Glycine_max,LiveRoots,Soybean:LiveRoots,Xylaria necrophora,0,0,0,T.Garcia-Aroca,2017-06-20,2017,Contemp,X.necrophora_Contemp,DMCC2126_DMCC2126,Lin1,Lin1,Lin1,Lin1,Lin1,WestMissRiver,WestMissRiver,WestMissRiver,WestMissRiver,Lin1,Lin1,Lin1
46,DMCC2127_DMCC2127,DMCC2127,TG06152017-03,USA,LA,West_Carrol,USA:LA,Lyophilized,0,NA,LA_West_Carrol_03,3,LA_West_Carrol_03_Clone1,LA_West_Carrol_03_Clone1,Clone3,32.79887,-91.56154,32.79887 N -91.56154 W,0,Soybean,Glycine_max,LiveRoots,Soybean:LiveRoots,Xylaria necrophora,0,0,0,T.Garcia-Aroca,2017-06-15,2017,Contemp,X.necrophora_Contemp,DMCC2127_DMCC2127,Lin2,Lin2,Lin2,Lin2,Lin2,WestMissRiver,WestMissRiver,WestMissRiver,WestMissRiver,Lin2,Admix,Lin2
47,DMCC2165_DMCC2165,DMCC2165,TG06152017-02,USA,LA,East_Carrol,USA:LA,Lyophilized,0,NA,LA_East_Carrol_04,4,LA_East_Carrol_04_Clone1,LA_East_Carrol_04_Clone1,Clone4,32.92544,-91.28877,32.92544 N -91.28877 W,0,Soybean,Glycine_max,LiveRoots,Soybean:LiveRoots,Xylaria necrophora,0,0,0,T.Garcia-Aroca,2017-06-15,2017,Contemp,X.necrophora_Contemp,DMCC2165_DMCC2165,Lin2,Lin2,Lin2,Lin2,Lin2,WestMissRiver,WestMissRiver,WestMissRiver,WestMissRiver,Lin2,Lin2,Lin3
48,DMCC2166_DMCC2166,DMCC2166,TG06152017-05,USA,LA,Morehouse,USA:LA,Lyophilized,B2D4,NA,LA_Morehouse_02,2,LA_Morehouse_02_Clone1,LA_Morehouse_02_Clone1,Clone1,32.74968,-91.83409,32.74968 N -91.83409 W,0,Soybean,Glycine_max,LiveRoots,Soybean:LiveRoots,Xylaria necrophora,0,0,0,T.Garcia-Aroca,2017-06-15,2017,Contemp,X.necrophora_Contemp,DMCC2166_DMCC2166,Lin2,Lin2,Lin2,Lin2,Lin2,WestMissRiver,WestMissRiver,WestMissRiver,WestMissRiver,Lin2,Lin2,Lin3
49,DMCC2456_DMCC2456,DMCC2456,TG06202017-01,USA,LA,Madison,USA:LA,Lyophilized,B2C4,NA,LA_Madison_04,4,LA_Madison_04_Clone2,LA_Madison_04_Clone2,Clone2,32.35613,-91.06029,32.35613 N -91.06029 W,0,Soybean,Glycine_max,LiveRoots,Soybean:LiveRoots,Xylaria necrophora,0,0,0,T.Garcia-Aroca,2017-06-20,2017,Contemp,X.necrophora_Contemp,DMCC2456_DMCC2456,Lin1,Lin1,Lin1,Lin1,Lin1,WestMissRiver,WestMissRiver,WestMissRiver,WestMissRiver,Lin1,Lin1,Lin1
50,DMCC2458_DMCC2458,DMCC2458,TG06202017-01-01,USA,LA,Madison,USA:LA,Lyophilized,B2D1,NA,LA_Madison_04,4,LA_Madison_04_Clone1,LA_Madison_04_Clone1,Clone1,32.35597,-91.06033,32.35597 N -91.06033 W,0,Soybean,Glycine_max,LiveRoots,Soybean:LiveRoots,Xylaria necrophora,0,0,0,T.Garcia-Aroca,2017-06-20,2017,Contemp,X.necrophora_Contemp,DMCC2458_DMCC2458,Lin1,Lin1,Lin1,Lin1,Lin1,WestMissRiver,WestMissRiver,WestMissRiver,WestMissRiver,Lin1,Lin1,Lin1
51,DMCC2459_DMCC2459,DMCC2459,TG06202017-04,USA,LA,East_Carrol,USA:LA,Lyophilized,B2D1,NA,LA_East_Carrol_03,3,LA_East_Carrol_03_Clone1,LA_East_Carrol_03_Clone1,Clone3,32.78883,-91.25025,32.78883 N -91.25025 W,0,Soybean,Glycine_max,LiveRoots,Soybean:LiveRoots,Xylaria necrophora,0,0,0,T.Garcia-Aroca,2017-06-20,2017,Contemp,X.necrophora_Contemp,DMCC2459_DMCC2459,Lin1,Lin1,Lin3,Lin1,Lin1,WestMissRiver,WestMissRiver,WestMissRiver,WestMissRiver,Lin1,Lin1,Lin1
52,DMCC2463_DMCC2463,DMCC2463,T5P20-7-17-2017,USA,AR,Ashley,USA:AR,Lyophilized,B2E4,NA,AR_Ashley_01,1,AR_Ashley_01_Clone1,AR_Ashley_01_Clone1,Clone1,33.1651111,-91.8804194,33.1651111 N -91.8804194 W,0,Soybean,Glycine_max,LiveRoots,Soybean:LiveRoots,Xylaria necrophora,0,0,0,T.Faske,2017-07-17,2017,Contemp,X.necrophora_Contemp,DMCC2463_DMCC2463,Lin1,Lin1,Lin1,Lin1,Lin1,WestMissRiver,WestMissRiver,WestMissRiver,WestMissRiver,Lin1,Lin1,Lin1
53,DMCC2470_DMCC2470,DMCC2470,T2S2-7-13-2017,USA,AR,Desha,USA:AR,Lyophilized,B2E4,NA,AR_Desha_01,1,AR_Desha_01_Clone1,AR_Desha_01_Clone1,Clone1,33.9029361,-91.183725,33.9029361 N -91.183725 W,0,Soybean,Glycine_max,LiveRoots,Soybean:LiveRoots,Xylaria necrophora,0,0,0,T.Faske,2017-07-13,2017,Contemp,X.necrophora_Contemp,DMCC2470_DMCC2470,Lin2,Lin2,Lin2,Lin2,Lin2,WestMissRiver,WestMissRiver,WestMissRiver,WestMissRiver,Lin2,Lin2,Lin3
54,DMCC2471_DMCC2471,DMCC2471,T3P1-7-19-2017,USA,AR,Lincoln,USA:AR,Lyophilized,B2E4,NA,AR_Lincoln_01,1,AR_Lincoln_01_Clone1,AR_Lincoln_01_Clone1,Clone1,33.9593556,-91.5513889,33.9593556 N -91.5513889 W,0,Soybean,Glycine_max,LiveRoots,Soybean:LiveRoots,Xylaria necrophora,0,0,0,T.Faske,2017-07-19,2017,Contemp,X.necrophora_Contemp,DMCC2471_DMCC2471,Lin1,Lin1,Lin1,Lin1,Lin1,WestMissRiver,WestMissRiver,WestMissRiver,WestMissRiver,Lin1,Lin1,Lin1
55,DMCC2477_DMCC2477,DMCC2477,TRD-1-1_(8/16/17),USA,TN,Hardeman,USA:TN,Lyophilized,B2E4,NA,TN_Hardeman_01,1,TN_Hardeman_01_Clone2,TN_Hardeman_01_Clone2,Clone2,35.417175,-89.0238694,35.417175 N -89.0238694 W,0,Soybean,Glycine_max,LiveRoots,Soybean:LiveRoots,Xylaria necrophora,0,0,0,H.Kelly,2017-08-16,2017,Contemp,X.necrophora_Contemp,DMCC2477_DMCC2477,Lin1,Lin1,Lin1,Lin1,Lin1,EastMissRiver,EastMissRiver,WestTN,WestTN,Lin1,Lin1,Lin1
56,DMCC2478_DMCC2478,DMCC2478,TRD-1-2_(8/16/17),USA,TN,Hardeman,USA:TN,Lyophilized,B2E4,NA,TN_Hardeman_01,1,TN_Hardeman_01_Clone1,TN_Hardeman_01_Clone1,Clone1,35.2795806,-88.9013861,35.2795806 N -88.9013861 W,0,Soybean,Glycine_max,LiveRoots,Soybean:LiveRoots,Xylaria necrophora,0,0,0,H.Kelly,2017-08-16,2017,Contemp,X.necrophora_Contemp,DMCC2478_DMCC2478,Lin1,Lin1,Lin1,Lin1,Lin1,EastMissRiver,EastMissRiver,WestTN,WestTN,Lin1,Lin1,Lin1
57,DMCC2514_DMCC2514,DMCC2514,TP06202017-03-07,USA,LA,Madison,USA:LA,Lyophilized,B2E4,NA,LA_Madison_05,5,LA_Madison_05_Clone2,LA_Madison_05_Clone2,Clone2,32.24303,-91.21124,32.24303 N -91.21124 W,0,Soybean,Glycine_max,LiveRoots,Soybean:LiveRoots,Xylaria necrophora,0,0,0,T.Price,2017-06-20,2017,Contemp,X.necrophora_Contemp,DMCC2514_DMCC2514,Lin1,Lin1,Lin1,Lin1,Lin1,WestMissRiver,WestMissRiver,WestMissRiver,WestMissRiver,Lin1,Lin1,Lin1
58,DMCC2515_DMCC2515,DMCC2515,TP06202017-04-07,USA,LA,Madison,USA:LA,Lyophilized,B2E4,NA,LA_Madison_05,5,LA_Madison_05_Clone1,LA_Madison_05_Clone1,Clone1,32.24287,-91.21117,32.24287 N -91.21117 W,0,Soybean,Glycine_max,LiveRoots,Soybean:LiveRoots,Xylaria necrophora,0,0,0,T.Price,2017-06-20,2017,Contemp,X.necrophora_Contemp,DMCC2515_DMCC2515,Lin2,Lin2,Lin2,Lin2,Lin2,WestMissRiver,WestMissRiver,WestMissRiver,WestMissRiver,Lin2,Lin2,Lin3
59,DMCC2517_DMCC2517,DMCC2517,TG06152017-08,USA,LA,Morehouse,USA:LA,Lyophilized,B2E4,NA,LA_Morehouse_03,3,LA_Morehouse_03_Clone1,LA_Morehouse_03_Clone1,Clone1,32.59996,-91.7698,32.59996 N -91.7698 W,0,Soybean,Glycine_max,LiveRoots,Soybean:LiveRoots,Xylaria necrophora,0,0,0,T.Garcia-Aroca,2017-06-15,2017,Contemp,X.necrophora_Contemp,DMCC2517_DMCC2517,Lin1,Lin1,Lin1,Lin1,Lin1,WestMissRiver,WestMissRiver,WestMissRiver,WestMissRiver,Lin1,Lin1,Lin1
60,DMCC2520_DMCC2520,DMCC2520,TG06272017-02-03,USA,LA,Caddo,USA:LA,Lyophilized,B2E4,NA,LA_Caddo_02,2,LA_Caddo_02_Clone1,LA_Caddo_02_Clone1,Clone1,32.80888,-93.8447,32.80888 N -93.8447 W,0,Soybean,Glycine_max,LiveRoots,Soybean:LiveRoots,Xylaria necrophora,0,0,0,T.Garcia-Aroca,2017-06-27,2017,Contemp,X.necrophora_Contemp,DMCC2520_DMCC2520,Lin1,Lin1,Lin3,Lin1,Lin1,WestMissRiver,WestMissRiver,RedRiver,RedRiver,Lin1,Lin1,Lin1
61,DMCC2523_DMCC2523,DMCC2523,TG06272017-02-04,USA,LA,Caddo,USA:LA,Lyophilized,B2E4,NA,LA_Caddo_01,1,LA_Caddo_01_Clone1,LA_Caddo_01_Clone1,Clone1,32.70243,-93.83338,32.70243 N -93.83338 W,Plated_on_PDA_on_5/22/19,Soybean,Glycine_max,LiveRoots,Soybean:LiveRoots,Xylaria necrophora,0,0,0,T.Garcia-Aroca,2017-06-27,2017,Contemp,X.necrophora_Contemp,DMCC2523_DMCC2523,Lin1,Lin1,Lin3,Lin1,Lin1,WestMissRiver,WestMissRiver,RedRiver,RedRiver,Lin1,Lin1,Lin1
62,DMCC2524_DMCC2524,DMCC2524,TG06062017-01,USA,LA,Franklin,USA:LA,Lyophilized,0,NA,LA_Franklin_03,3,LA_Franklin_03_Clone1,LA_Franklin_03_Clone1,Clone1,32.14032,-91.68779,32.14032 N -91.68779 W,missing_Gly,Soybean,Glycine_max,LiveRoots,Soybean:LiveRoots,Xylaria necrophora,0,0,0,T.Garcia-Aroca,2017-06-06,2017,Contemp,X.necrophora_Contemp,DMCC2524_DMCC2524,Lin1,Lin1,Lin1,Lin1,Lin1,WestMissRiver,WestMissRiver,WestMissRiver,WestMissRiver,Lin1,Lin1,Lin1
63,DMCC2525_DMCC2525,DMCC2525,TG06062017-03,USA,LA,Franklin,USA:LA,Lyophilized,B2E4,NA,LA_Franklin_03,3,LA_Franklin_03_Clone1,LA_Franklin_03_Clone1,Clone1,32.14032,-91.68799,32.14032 N -91.68799 W,0,Soybean,Glycine_max,LiveRoots,Soybean:LiveRoots,Xylaria necrophora,0,0,0,T.Garcia-Aroca,2017-06-06,2017,Contemp,X.necrophora_Contemp,DMCC2525_DMCC2525,Lin1,Lin1,Lin1,Lin1,Lin1,WestMissRiver,WestMissRiver,WestMissRiver,WestMissRiver,Lin1,Lin1,Lin1
64,DMCC2526_DMCC2526,DMCC2526,TP06202017-02(s),USA,LA,Madison,USA:LA,Lyophilized,B3A1,NA,LA_Tensas_02,2,LA_Tensas_02_Clone1,LA_Tensas_02_Clone1,Clone1,32.11058,-91.24712,32.11058 N -91.24712 W,0,Soybean,Glycine_max,LiveRoots,Soybean:LiveRoots,Xylaria necrophora,0,0,0,T.Garcia-Aroca,2017-06-20,2017,Contemp,X.necrophora_Contemp,DMCC2526_DMCC2526,Lin1,Lin1,Lin1,Lin1,Lin1,WestMissRiver,WestMissRiver,WestMissRiver,WestMissRiver,Lin1,Lin1,Lin1
65,DMCC2528_DMCC2528,DMCC2528,TG08092017-10,USA,LA,St_Landry,USA:LA,Lyophilized,B3A1,NA,LA_St_Landry_01,1,LA_St_Landry_01_Clone1,LA_St_Landry_01_Clone1,Clone1,30.78768,-91.99478,30.78768 N -91.99478 W,0,Soybean,Glycine_max,LiveRoots,Soybean:LiveRoots,Xylaria necrophora,0,0,0,T.Garcia-Aroca,2017-08-09,2017,Contemp,X.necrophora_Contemp,DMCC2528_DMCC2528,Lin1,Lin1,Lin1,Lin1,Lin1,WestMissRiver,WestMissRiver,SouthernLA,SouthernLA_Pointe,Lin1,Lin1,Lin1
66,DMCC2529_DMCC2529,DMCC2529,TG08092017-01(R),USA,LA,West_Baton_Rouge,USA:LA,Lyophilized,B3A1,NA,LA_West_Baton_Rouge_01,1,LA_West_Baton_Rouge_01_Clone1,LA_West_Baton_Rouge_01_Clone1,Clone1,30.49245,-91.2856,30.49245 N -91.2856 W,0,Soybean,Glycine_max,LiveRoots,Soybean:LiveRoots,Xylaria necrophora,0,0,0,T.Garcia-Aroca,2017-08-09,2017,Contemp,X.necrophora_Contemp,DMCC2529_DMCC2529,Lin2,Lin2,Lin2,Lin2,Lin2,WestMissRiver,WestMissRiver,SouthernLA,SouthernLA_BR,Lin2,Lin2,Lin3
67,DMCC2530_DMCC2530,DMCC2530,TG08092017-04,USA,LA,Pointe_Coupee,USA:LA,Lyophilized,B3A1,NA,LA_Pointe_Coupee_01,1,LA_Pointe_Coupee_01_Clone1,LA_Pointe_Coupee_01_Clone1,Clone1,30.61385,-91.64251,30.61385 N -91.64251 W,0,Soybean,Glycine_max,LiveRoots,Soybean:LiveRoots,Xylaria necrophora,0,0,0,T.Garcia-Aroca,2017-08-09,2017,Contemp,X.necrophora_Contemp,DMCC2530_DMCC2530,Lin2,Lin2_Lin1,Lin2,Lin1,Lin2,WestMissRiver,WestMissRiver,SouthernLA,SouthernLA_Pointe,Lin1,Lin1,Lin1
68,DMCC2531_DMCC2531,DMCC2531,TG08092017-06,USA,LA,Pointe_Coupee,USA:LA,Lyophilized,B3A1,NA,LA_Pointe_Coupee_02,2,LA_Pointe_Coupee_02_Clone2,LA_Pointe_Coupee_02_Clone2,Clone2,30.67675,-91.66902,30.67675 N -91.66902 W,0,Soybean,Glycine_max,LiveRoots,Soybean:LiveRoots,Xylaria necrophora,0,0,0,T.Garcia-Aroca,2017-08-09,2017,Contemp,X.necrophora_Contemp,DMCC2531_DMCC2531,Lin2,Lin2,Lin2,Lin2,Lin2,WestMissRiver,WestMissRiver,SouthernLA,SouthernLA_Pointe,Lin2,Lin2,Lin3
69,DMCC2532_DMCC2532,DMCC2532,"Lowndes_Co.,_AL-8-13-2017",USA,AL,Lowndes,USA:AL,Lyophilized,0,NA,AL_Lowndes_01,1,AL_Lowndes_01_Clone2,AL_Lowndes_01_Clone2,Clone2,32.26595,-86.6138472,32.26595 N -86.6138472 W,0,Soybean,Glycine_max,LiveRoots,Soybean:LiveRoots,Xylaria necrophora,0,R3,Corn,E.Sikora,2017-08-13,2017,Contemp,X.necrophora_Contemp,DMCC2532_DMCC2532,Lin1,Lin1,Lin1,Lin1,Lin1,EastMissRiver,EastMissRiver,SouthAL,CentralAL,Lin1,Lin1,Lin1
70,DMCC2533_DMCC2533,DMCC2533,"Pickens_Co.,_AL-8-12-2017",USA,AL,Pickens,USA:AL,Lyophilized,0,NA,AL_Pickens_01,1,AL_Pickens_01_Clone1,AL_Pickens_01_Clone1,Clone1,33.0824889,-88.2957361,33.0824889 N -88.2957361 W,0,Soybean,Glycine_max,LiveRoots,Soybean:LiveRoots,Xylaria necrophora,AsG4632,0,Corn,E.Sikora,2017-08-12,2017,Contemp,X.necrophora_Contemp,DMCC2533_DMCC2533,Lin2,Lin2_Lin1,Lin2,Lin2,Lin2,EastMissRiver,EastMissRiver,MS_AL,MS_AL,Lin2,Admix,Lin2
71,DMCC2534_DMCC2534,DMCC2534,"Perry_Co.,_AL-8-13-2017",USA,AL,Lowndes,USA:AL,Lyophilized,0,NA,AL_Lowndes_01,1,AL_Lowndes_01_Clone1,AL_Lowndes_01_Clone1,Clone1,32.2641611,-86.6120667,32.2641611 N -86.6120667 W,0,Soybean,Glycine_max,LiveRoots,Soybean:LiveRoots,Xylaria necrophora,0,R5,Soybean,E.Sikora,2017-08-13,2017,Contemp,X.necrophora_Contemp,DMCC2534_DMCC2534,Lin1,Lin1,Lin1,Lin1,Lin1,EastMissRiver,EastMissRiver,SouthAL,CentralAL,Lin1,Lin1,Lin1
72,DMCC2615_DMCC2615,DMCC2615,TG08012017-02,USA,LA,Natchitoches,USA:LA,Lyophilized,B3A3,NA,LA_Natchitoches_01,1,LA_Natchitoches_01_Clone1,LA_Natchitoches_01_Clone1,Clone1,31.70255,-93.05665,31.70255 N -93.05665 W,0,Soybean,Glycine_max,LiveRoots,Soybean:LiveRoots,Xylaria necrophora,0,0,0,T.Garcia-Aroca,2017-08-01,2017,Contemp,X.necrophora_Contemp,DMCC2615_DMCC2615,Lin1,Lin1,Lin1,Lin1,Lin1,WestMissRiver,WestMissRiver,RedRiver,RedRiver,Lin1,Lin1,Lin1
73,DMCC2616_DMCC2616,DMCC2616,TG08012017-01,USA,LA,Natchitoches,USA:LA,Lyophilized,B3A3,NA,LA_Natchitoches_02,2,LA_Natchitoches_02_Clone1,LA_Natchitoches_02_Clone1,Clone1,31.7242,-93.09248,31.7242 N -93.09248 W,0,Soybean,Glycine_max,LiveRoots,Soybean:LiveRoots,Xylaria necrophora,0,0,0,T.Garcia-Aroca,2017-08-01,2017,Contemp,X.necrophora_Contemp,DMCC2616_DMCC2616,Lin1,Lin1,Lin1,Lin1,Lin1,WestMissRiver,WestMissRiver,RedRiver,RedRiver,Lin1,Lin1,Lin1
74,DMCC2617_DMCC2617,DMCC2617,TP07102017-01,USA,LA,Franklin,USA:LA,Lyophilized,B3A3,NA,LA_Franklin_04,4,LA_Franklin_04_Clone1,LA_Franklin_04_Clone1,Clone1,32.1954,-91.4934,32.1954 N -91.4934 W,0,Soybean,Glycine_max,LiveRoots,Soybean:LiveRoots,Xylaria necrophora,0,0,0,T.Garcia-Aroca,2017-07-10,2017,Contemp,X.necrophora_Contemp,DMCC2617_DMCC2617,Lin2,Lin2_Lin1,Lin2,Lin1,Lin2,WestMissRiver,WestMissRiver,WestMissRiver,WestMissRiver,Lin1,Lin1,Lin1
75,DMCC2618_DMCC2618,DMCC2618,TF-MS_co-Manila-AL-7-19-17,USA,AL,Clarke,USA:AL,Lyophilized,0,NA,AL_Clarke_01,1,AL_Clarke_01_Clone1,AL_Clarke_01_Clone1,Clone1,31.6734972,-87.7815222,31.6734972 N -87.7815222 W,0,Soybean,Glycine_max,LiveRoots,Soybean:LiveRoots,Xylaria necrophora,0,0,0,E.Sikora,2017-07-19,2017,Contemp,X.necrophora_Contemp,DMCC2618_DMCC2618,Lin1,Lin1,Lin1,Lin1,Lin1,EastMissRiver,EastMissRiver,SouthAL,SouthAL,Lin1,Lin1,Lin1
76,DMCC2619_DMCC2619,DMCC2619,MER_Rouge-7-8-17,USA,LA,Morehouse,USA:LA,Lyophilized,B3A3,NA,LA_Morehouse_05,1,LA_Morehouse_05_Clone1,LA_Morehouse_05_Clone1,Clone1,32.779996,-91.794061,32.779996 N -91.794061 W,0,Soybean,Glycine_max,LiveRoots,Soybean:LiveRoots,Xylaria necrophora,0,0,0,T.Price,2017-07-08,2017,Contemp,X.necrophora_Contemp,DMCC2619_DMCC2619,Lin1,Lin1,Lin1,Lin1,Lin1,WestMissRiver,WestMissRiver,WestMissRiver,WestMissRiver,Lin1,Lin1,Lin1
77,DMCC2620_DMCC2620,DMCC2620,TG07202017-01(s),USA,LA,Rapides,USA:LA,Lyophilized,B3A3,NA,LA_Rapides_01,1,LA_Rapides_01_Clone1,LA_Rapides_01_Clone1,Clone1,31.17029,-92.42517,31.17029 N -92.42517 W,from_stroma,Soybean,Glycine_max,LiveRoots,Soybean:LiveRoots,Xylaria necrophora,0,0,0,T.Garcia-Aroca,2018-07-20,2017,Contemp,X.necrophora_Contemp,DMCC2620_DMCC2620,Lin2,Lin2,Lin2,Lin2,Lin2,WestMissRiver,WestMissRiver,RedRiver,RedRiver,Lin2,Lin2,Lin3
78,DMCC2621_DMCC2621,DMCC2621,Sumter-AL-2017,USA,AL,Sumter,USA:AL,Lyophilized,B3A3,NA,AL_Sumter_02,2,AL_Sumter_02_Clone1,AL_Sumter_02_Clone1,Clone1,32.985363,-88.299061,32.985363 N -88.299061 W,0,Soybean,Glycine_max,LiveRoots,Soybean:LiveRoots,Xylaria necrophora,Terral56R63,0,corn,E.Sikora,1905-07-09,2017,Contemp,X.necrophora_Contemp,DMCC2621_DMCC2621,Lin1,Lin1,Lin1,Lin1,Lin1,EastMissRiver,EastMissRiver,MS_AL,MS_AL,Lin1,Lin1,Lin1
79,DMCC2622_DMCC2622,DMCC2622,Lee-AL-8-2-17,USA,AL,Lee,USA:AL,Lyophilized,0,NA,AL_Lee_01,1,AL_Lee_01_Clone1,AL_Lee_01_Clone1,Clone1,32.6947806,-85.6482306,32.6947806 N -85.6482306 W,0,Soybean,Glycine_max,LiveRoots,Soybean:LiveRoots,Xylaria necrophora,0,0,0,E.Sikora,2017-08-02,2017,Contemp,X.necrophora_Contemp,DMCC2622_DMCC2622,Lin2,Lin2_Lin1,Lin2,Lin1,Lin2,EastMissRiver,EastMissRiver,EastAL,EastAL,Lin1,Lin1,Lin1
80,DMCC2624_DMCC2624,DMCC2624,TRD_Lebfau-7-28-17,USA,LA,Avoyelles,USA:LA,Lyophilized,B3A3,NA,LA_Avoyelles_01,1,LA_Avoyelles_01_Clone1,LA_Avoyelles_01_Clone1,Clone1,30.991728,-91.92102,30.991728 N -91.92102 W,0,Soybean,Glycine_max,LiveRoots,Soybean:LiveRoots,Xylaria necrophora,0,0,0,T.Price,2017-07-28,2017,Contemp,X.necrophora_Contemp,DMCC2624_DMCC2624,Lin2,Lin2,Lin2,Lin2,Lin2,WestMissRiver,WestMissRiver,SouthernLA,SouthernLA_Avo,Lin2,Admix,Lin2
81,DMCC2625_DMCC2625,DMCC2625,TG08092017-05,USA,LA,Pointe_Coupee,USA:LA,Lyophilized,B3A3,NA,LA_Pointe_Coupee_02,2,LA_Pointe_Coupee_02_Clone1,LA_Pointe_Coupee_02_Clone1,Clone2,30.67627,-91.66946,30.67627 N -91.66946 W,0,Soybean,Glycine_max,LiveRoots,Soybean:LiveRoots,Xylaria necrophora,0,0,0,T.Garcia-Aroca,2017-08-09,2017,Contemp,X.necrophora_Contemp,DMCC2625_DMCC2625,Lin1,Lin1,Lin1,Lin1,Lin1,WestMissRiver,WestMissRiver,WestMissRiver,WestMissRiver,Lin1,Lin1,Lin1
82,DMCC3164_DMCC3164,DMCC3164,R-TG06272018-09-02,USA,AL,Dallas,USA:AL,NotFound,B3C2,NA,AL_Dallas_01,1,AL_Dallas_01_Clone4,AL_Dallas_01_Clone4,Clone4,32.4638333,-87.3914333,32.4638333 N -87.3914333 W,Clean,Soybean,Glycine_max,LiveRoots,Soybean:LiveRoots,Xylaria necrophora,0,0,0,T.Garcia-Aroca,2018-06-27,2018,Contemp,X.necrophora_Contemp,DMCC3164_DMCC3164,Lin2,Lin2_Lin1,Lin2,Lin1,Lin2,EastMissRiver,EastMissRiver,CentralAL,CentralAL,Lin1,Lin1,Lin1
83,DMCC3165_DMCC3165,DMCC3165,R-TG06292018-04,USA,AL,Limestone,USA:AL,LiqN,B3C2,NA,AL_Limestone_01,1,AL_Limestone_01_Clone1,AL_Limestone_01_Clone1,Clone1,34.63456,-86.87902,34.63456 N -86.87902 W,Clean,Soybean,Glycine_max,LiveRoots,Soybean:LiveRoots,Xylaria necrophora,0,0,0,T.Garcia-Aroca,2018-06-29,2018,Contemp,X.necrophora_Contemp,DMCC3165_DMCC3165,Lin1,Lin1,Lin1,Lin1,Lin1,EastMissRiver,EastMissRiver,NorthAL,NorthAL,Lin1,Lin1,Lin1
84,DMCC3166_DMCC3166,DMCC3166,R-TG06272018-05,USA,AL,Dallas,USA:AL,LiqN,B3C2,NA,AL_Dallas_02,2,AL_Dallas_02_Clone4,AL_Dallas_02_Clone4,Clone4,32.44891,-87.37959,32.44891 N -87.37959 W,Clean,Soybean,Glycine_max,LiveRoots,Soybean:LiveRoots,Xylaria necrophora,0,0,0,T.Garcia-Aroca,2018-06-27,2018,Contemp,X.necrophora_Contemp,DMCC3166_DMCC3166,Lin2,Lin2_Lin1,Lin2,Lin1,Lin2,EastMissRiver,EastMissRiver,CentralAL,CentralAL,Lin1,Lin1,Lin1
85,DMCC3168_DMCC3168,DMCC3168,R-TG06272018-03,USA,AL,Dallas,USA:AL,NotFound,B3C2,NA,AL_Dallas_02,2,AL_Dallas_02_Clone1,AL_Dallas_02_Clone1,Clone1,32.44852,-87.3832,32.44852 N -87.3832 W,Clean,Soybean,Glycine_max,LiveRoots,Soybean:LiveRoots,Xylaria necrophora,0,0,0,T.Garcia-Aroca,2018-06-27,2018,Contemp,X.necrophora_Contemp,DMCC3168_DMCC3168,Lin2,Lin2_Lin1,Lin2,Lin1,Lin2,EastMissRiver,EastMissRiver,CentralAL,CentralAL,Lin1,Lin1,Lin1
86,DMCC3171_DMCC3171,DMCC3171,TG06062018-10-02,USA,MS,Sharkey,USA:MS,Lyophilized,B3C2,NA,MS_Sharkey_02,2,MS_Sharkey_02_Clone1,MS_Sharkey_02_Clone1,Clone1,32.88592,-90.83652,32.88592 N -90.83652 W,Clean,Soybean,Glycine_max,LiveRoots,Soybean:LiveRoots,Xylaria necrophora,0,0,0,T.Garcia-Aroca,2018-06-06,2018,Contemp,X.necrophora_Contemp,DMCC3171_DMCC3171,Lin1,Lin1,Lin1,Lin1,Lin1,EastMissRiver,EastMissRiver,EastMissRiver,EastMissRiver,Lin1,Lin1,Lin1
87,DMCC3173_DMCC3173,DMCC3173,TG06062018-08,USA,MS,Sharkey,USA:MS,Lyophilized,B3C3,NA,MS_Sharkey_04,4,MS_Sharkey_04_Clone1,MS_Sharkey_04_Clone1,Clone1,32.88294,-90.83676,32.88294 N -90.83676 W,Clean,Soybean,Glycine_max,LiveRoots,Soybean:LiveRoots,Xylaria necrophora,0,0,0,T.Garcia-Aroca,2018-06-06,2018,Contemp,X.necrophora_Contemp,DMCC3173_DMCC3173,Lin1,Lin1,Lin1,Lin1,Lin1,EastMissRiver,EastMissRiver,EastMissRiver,EastMissRiver,Lin1,Lin1,Lin1
88,DMCC3175_DMCC3175,DMCC3175,TG06072018-06,USA,MS,Scott,USA:MS,Lyophilized,B3C3,NA,MS_Scott_01,1,MS_Scott_01_Clone1,MS_Scott_01_Clone1,Clone1,32.43576,-89.72687,32.43576 N -89.72687 W,Clean,Soybean,Glycine_max,LiveRoots,Soybean:LiveRoots,Xylaria necrophora,0,0,0,T.Garcia-Aroca,2018-06-07,2018,Contemp,X.necrophora_Contemp,DMCC3175_DMCC3175,Lin2,Lin2,Lin2,Lin2,Lin2,EastMissRiver,EastMissRiver,CentralMS,CentralMS,Lin2,Lin2,Lin3
89,DMCC3176_DMCC3176,DMCC3176,TG06062018-02,USA,MS,Sunflower,USA:MS,Lyophilized,B3C3,NA,MS_Sunflower_02,2,MS_Sunflower_02_Clone1,MS_Sunflower_02_Clone1,Clone1,33.44521,-90.69228,33.44521 N -90.69228 W,Clean,Soybean,Glycine_max,LiveRoots,Soybean:LiveRoots,Xylaria necrophora,0,0,0,T.Garcia-Aroca,2018-06-06,2018,Contemp,X.necrophora_Contemp,DMCC3176_DMCC3176,Lin1,Lin1,Lin1,Lin1,Lin1,EastMissRiver,EastMissRiver,EastMissRiver,EastMissRiver,Lin1,Lin1,Lin1
90,DMCC3177_DMCC3177,DMCC3177,TG06072018-01-01,USA,MS,Rankin,USA:MS,Lyophilized,B3C3,NA,MS_Rankin_01,1,MS_Rankin_01_Clone1,MS_Rankin_01_Clone1,Clone1,32.46456,-89.7981,32.46456 N -89.7981 W,Clean,Soybean,Glycine_max,LiveRoots,Soybean:LiveRoots,Xylaria necrophora,0,0,0,T.Garcia-Aroca,2018-06-07,2018,Contemp,X.necrophora_Contemp,DMCC3177_DMCC3177,Lin2,Lin2,Lin2,Lin2,Lin2,EastMissRiver,EastMissRiver,CentralMS,CentralMS,Lin2,Admix,Lin2
91,DMCC3180_DMCC3180,DMCC3180,TG06072018-02-02,USA,MS,Rankin,USA:MS,Lyophilized,B3C3,NA,MS_Rankin_01,1,MS_Rankin_01_Clone2,MS_Rankin_01_Clone2,Clone2,32.46473,-89.79308,32.46473 N -89.79308 W,Clean,Soybean,Glycine_max,LiveRoots,Soybean:LiveRoots,Xylaria necrophora,0,0,0,T.Garcia-Aroca,2018-06-07,2018,Contemp,X.necrophora_Contemp,DMCC3180_DMCC3180,Lin2,Lin2_Lin1,Lin2,Lin1,Lin2,EastMissRiver,EastMissRiver,CentralMS,CentralMS,Lin1,Lin1,Lin1
92,DMCC3182_DMCC3182,DMCC3182,TG06062018-09,USA,MS,Sharkey,USA:MS,Lyophilized,B3C3,NA,MS_Sharkey_03,3,MS_Sharkey_03_Clone1,MS_Sharkey_03_Clone1,Clone1,32.88408,-90.83656,32.88408 N -90.83656 W,Clean,Soybean,Glycine_max,LiveRoots,Soybean:LiveRoots,Xylaria necrophora,0,0,0,T.Garcia-Aroca,2018-06-06,2018,Contemp,X.necrophora_Contemp,DMCC3182_DMCC3182,Lin2,Lin2,Lin2,Lin2,Lin2,EastMissRiver,EastMissRiver,EastMissRiver,EastMissRiver,Lin2,Admix,Lin2
93,DMCC3183_DMCC3183,DMCC3183,TA06062018-02,USA,MS,Sunflower,USA:MS,Lyophilized,B3C3,NA,MS_Sunflower_01,1,MS_Sunflower_01_Clone2,MS_Sunflower_01_Clone2,Clone2,33.44946,-90.72517,33.44946 N -90.72517 W,Clean,Soybean,Glycine_max,LiveRoots,Soybean:LiveRoots,Xylaria necrophora,0,0,0,T.Garcia-Aroca,2018-06-06,2018,Contemp,X.necrophora_Contemp,DMCC3183_DMCC3183,Lin1,Lin1,Lin1,Lin1,Lin1,EastMissRiver,EastMissRiver,EastMissRiver,EastMissRiver,Lin1,Lin1,Lin1
94,DMCC3186_DMCC3186,DMCC3186,R-TG06062018-07-01,USA,MS,Sunflower,USA:MS,Lyophilized,B3C3,NA,MS_Sunflower_01,1,MS_Sunflower_01_Clone3,MS_Sunflower_01_Clone3,Clone3,33.44974,-90.72535,33.44974 N -90.72535 W,Clean,Soybean,Glycine_max,LiveRoots,Soybean:LiveRoots,Xylaria necrophora,0,0,0,T.Garcia-Aroca,2018-06-06,2018,Contemp,X.necrophora_Contemp,DMCC3186_DMCC3186,Lin1,Lin1,Lin1,Lin1,Lin1,EastMissRiver,EastMissRiver,EastMissRiver,EastMissRiver,Lin1,Lin1,Lin1
95,DMCC3205_DMCC3205,DMCC3205,TG06062018-03,USA,MS,Sunflower,USA:MS,Lyophilized,B3C3,NA,MS_Sunflower_02,2,MS_Sunflower_02_Clone3,MS_Sunflower_02_Clone3,Clone3,33.44619,-90.67831,33.44619 N -90.67831 W,Replated_from_PDA,Soybean,Glycine_max,LiveRoots,Soybean:LiveRoots,Xylaria necrophora,0,0,0,T.Garcia-Aroca,2018-06-06,2018,Contemp,X.necrophora_Contemp,DMCC3205_DMCC3205,Lin1,Lin1,Lin1,Lin1,Lin1,EastMissRiver,EastMissRiver,EastMissRiver,EastMissRiver,Lin1,Lin1,Lin1
96,DMCC3222_DMCC3222,DMCC3222,TG06272018-08-03,USA,AL,Dallas,USA:AL,LiqN,B3C3,NA,AL_Dallas_01,1,AL_Dallas_01_Clone2,AL_Dallas_01_Clone2,Clone2,32.4633,-87.39133,32.4633 N -87.39133 W,Clean,Soybean,Glycine_max,LiveRoots,Soybean:LiveRoots,Xylaria necrophora,0,0,0,T.Garcia-Aroca,2018-06-27,2018,Contemp,X.necrophora_Contemp,DMCC3222_DMCC3222,Lin1,Lin1,Lin1,Lin1,Lin1,EastMissRiver,EastMissRiver,CentralAL,CentralAL,Lin1,Lin1,Lin1
97,DMCC3229_DMCC3229,DMCC3229,ES06282018-01-03.2,USA,AL,Lauderdale,USA:AL,LiqN,B3C4,NA,AL_Lauderdale_01,1,AL_Lauderdale_01_Clone2,AL_Lauderdale_01_Clone2,Clone2,34.81849,-87.27811,34.81849 N -87.27811 W,Replated_from_PDA,Soybean,Glycine_max,LiveRoots,Soybean:LiveRoots,Xylaria necrophora,0,0,0,E.Sikora,2018-06-28,2018,Contemp,X.necrophora_Contemp,DMCC3229_DMCC3229,Lin1,Lin1,Lin1,Lin1,Lin1,EastMissRiver,EastMissRiver,NorthAL,NorthAL,Lin1,Lin1,Lin1
98,DMCC3230_DMCC3230,DMCC3230,R-TG06282018-01,USA,AL,Limestone,USA:AL,LiqN,B3C4,NA,AL_Limestone_04,4,AL_Limestone_04_Clone1,AL_Limestone_04_Clone1,Clone1,34.79091,-87.02702,34.79091 N -87.02702 W,Clean,Soybean,Glycine_max,LiveRoots,Soybean:LiveRoots,Xylaria necrophora,0,0,0,T.Garcia-Aroca,2018-06-28,2018,Contemp,X.necrophora_Contemp,DMCC3230_DMCC3230,Lin1,Lin1,Lin1,Lin2,Lin2,EastMissRiver,EastMissRiver,NorthAL,NorthAL,Lin1,Admix,Lin2
99,DMCC3247_DMCC3247,DMCC3247,TG06272018-04,USA,AL,Dallas,USA:AL,LiqN,B3C4,NA,AL_Dallas_02,2,AL_Dallas_02_Clone2,AL_Dallas_02_Clone2,Clone2,32.44852,-87.38228,32.44852 N -87.38228 W,Clean,Soybean,Glycine_max,LiveRoots,Soybean:LiveRoots,Xylaria necrophora,0,0,0,T.Garcia-Aroca,2018-06-27,2018,Contemp,X.necrophora_Contemp,DMCC3247_DMCC3247,Lin1,Lin1,Lin1,Lin1,Lin1,EastMissRiver,EastMissRiver,NorthAL,NorthAL,Lin1,Lin1,Lin1
100,DMCC3255_DMCC3255,DMCC3255,R-TG06272018-11,USA,AL,Dallas,USA:AL,Lyophilized,0,NA,AL_Dallas_04,4,AL_Dallas_04_Clone1,AL_Dallas_04_Clone1,Clone1,32.43623,-87.32646,32.43623 N -87.32646 W,0,Soybean,Glycine_max,LiveRoots,Soybean:LiveRoots,Xylaria necrophora,0,0,0,T.Garcia-Aroca,2018-06-27,2018,Contemp,X.necrophora_Contemp,DMCC3255_DMCC3255,Lin1,Lin1,Lin1,Lin1,Lin1,EastMissRiver,EastMissRiver,CentralAL,CentralAL,Lin1,Lin1,Lin1
101,DMCC3260_DMCC3260,DMCC3260,TG06272018-09.3,USA,AL,Dallas,USA:AL,Lyophilized,0,NA,AL_Dallas_01,1,AL_Dallas_01_Clone3,AL_Dallas_01_Clone3,Clone3,32.46383,-87.39144,32.46383 N -87.39144 W,0,Soybean,Glycine_max,LiveRoots,Soybean:LiveRoots,Xylaria necrophora,0,0,0,T.Garcia-Aroca,2018-06-27,2018,Contemp,X.necrophora_Contemp,DMCC3260_DMCC3260,Lin1,Lin1_Lin2,Lin1,Lin1,Lin1,EastMissRiver,EastMissRiver,CentralAL,CentralAL,Lin1,Lin1,Lin1
102,DMCC3267_DMCC3267,DMCC3267,TG06292018-02,USA,AL,Limestone,USA:AL,Lyophilized,0,NA,AL_Limestone_02,2,AL_Limestone_02_Clone1,AL_Limestone_02_Clone1,Clone1,34.68673,-86.88593,34.68673 N -86.88593 W,0,Soybean,Glycine_max,LiveRoots,Soybean:LiveRoots,Xylaria necrophora,0,0,0,T.Garcia-Aroca,2018-06-29,2018,Contemp,X.necrophora_Contemp,DMCC3267_DMCC3267,Lin1,Lin1,Lin1,Lin1,Lin1,EastMissRiver,EastMissRiver,NorthAL,NorthAL,Lin1,Lin1,Lin1
103,DMCC3269_DMCC3269,DMCC3269,TG06072018-05,USA,MS,Scott,USA:MS,Lyophilized,0,NA,MS_Scott_01,1,MS_Scott_01_Clone2,MS_Scott_01_Clone2,Clone2,32.43666,-89.72706,32.43666 N -89.72706 W,0,Soybean,Glycine_max,LiveRoots,Soybean:LiveRoots,Xylaria necrophora,0,0,0,T.Garcia-Aroca,2018-06-07,2018,Contemp,X.necrophora_Contemp,DMCC3269_DMCC3269,Lin1,Lin1,Lin3,Lin1,Lin1,EastMissRiver,EastMissRiver,EastMissRiver,CentralMS,Lin1,Lin1,Lin1
104,DMCC3270_DMCC3270,DMCC3270,R-TG06272018-02,USA,AL,Dallas,USA:AL,Lyophilized,0,NA,AL_Dallas_03,3,AL_Dallas_03_Clone3,AL_Dallas_03_Clone3,Clone3,32.4541333,-87.38285,32.4541333 N -87.38285 W,0,Soybean,Glycine_max,LiveRoots,Soybean:LiveRoots,Xylaria necrophora,0,0,0,T.Garcia-Aroca,2018-06-27,2018,Contemp,X.necrophora_Contemp,DMCC3270_DMCC3270,Lin1,Lin1,Lin1,Lin1,Lin1,EastMissRiver,EastMissRiver,SouthAL,MS_AL,Lin1,Lin1,Lin1
105,DMCC3271_DMCC3271,DMCC3271,TG06062018-02-02,USA,MS,Sunflower,USA:MS,Lyophilized,0,NA,MS_Sunflower_02,2,MS_Sunflower_02_Clone2,MS_Sunflower_02_Clone2,Clone2,33.44524,-90.69229,33.44524 N -90.69229 W,0,Soybean,Glycine_max,LiveRoots,Soybean:LiveRoots,Xylaria necrophora,0,0,0,T.Garcia-Aroca,2018-06-06,2018,Contemp,X.necrophora_Contemp,DMCC3271_DMCC3271,Lin1,Lin1,Lin3,Lin1,Lin1,EastMissRiver,EastMissRiver,EastMissRiver,EastMissRiver,Lin1,Lin1,Lin1
106,DMCC3273_DMCC3273,DMCC3273,TG07022018-01,USA,AL,Colbert,USA:AL,Lyophilized,0,NA,AL_Colbert_01,1,AL_Colbert_01_Clone1,AL_Colbert_01_Clone1,Clone1,34.68308,-87.45845,34.68308 N -87.45845 W,0,Soybean,Glycine_max,LiveRoots,Soybean:LiveRoots,Xylaria necrophora,0,0,0,T.Garcia-Aroca,2018-07-02,2018,Contemp,X.necrophora_Contemp,DMCC3273_DMCC3273,Lin1,Lin1,Lin1,Lin1,Lin1,EastMissRiver,EastMissRiver,NorthAL,NorthAL,Lin1,Lin1,Lin1
107,DMCC3274_DMCC3274,DMCC3274,TG06282018-03,USA,AL,Limestone,USA:AL,LiqN,B3D1,NA,AL_Limestone_03,3,AL_Limestone_03_Clone1,AL_Limestone_03_Clone1,Clone1,34.73066,-86.87832,34.73066 N -86.87832 W,Clean,Soybean,Glycine_max,LiveRoots,Soybean:LiveRoots,Xylaria necrophora,0,0,0,T.Garcia-Aroca,2018-06-28,2018,Contemp,X.necrophora_Contemp,DMCC3274_DMCC3274,Lin2,Lin2,Lin2,Lin1,Lin2,EastMissRiver,EastMissRiver,NorthAL,NorthAL,Lin1,Lin1,Lin1
108,DMCC3275_DMCC3275,DMCC3275,TG06282018-02,USA,AL,Lauderdale,USA:AL,Lyophilized,0,NA,AL_Lauderdale_01,1,AL_Lauderdale_01_Clone1,AL_Lauderdale_01_Clone1,Clone1,34.81835,-87.2781,34.81835 N -87.2781 W,0,Soybean,Glycine_max,LiveRoots,Soybean:LiveRoots,Xylaria necrophora,0,0,0,T.Garcia-Aroca,2018-06-28,2018,Contemp,X.necrophora_Contemp,DMCC3275_DMCC3275,Lin2,Lin2,Lin2,Lin2,Lin2,EastMissRiver,EastMissRiver,NorthAL,NorthAL,Lin2,Lin2,Lin3
109,DMCC3276_DMCC3276,DMCC3276,R-TG06272018-06,USA,AL,Dallas,USA:AL,Lyophilized,0,NA,AL_Dallas_01,1,AL_Dallas_01_Clone1,AL_Dallas_01_Clone1,Clone1,32.46164,-87.3912,32.46164 N -87.3912 W,0,Soybean,Glycine_max,LiveRoots,Soybean:LiveRoots,Xylaria necrophora,0,0,0,T.Garcia-Aroca,2018-06-27,2018,Contemp,X.necrophora_Contemp,DMCC3276_DMCC3276,Lin2,Lin2,Lin2,Lin2,Lin2,EastMissRiver,EastMissRiver,CentralAL,CentralAL,Lin2,Lin2,Lin3
110,DMCC3282_DMCC3282,DMCC3282,R-TG06272018-01-02.2.1,USA,AL,Dallas,USA:AL,Lyophilized,0,NA,AL_Dallas_03,3,AL_Dallas_03_Clone1,AL_Dallas_03_Clone1,Clone1,32.45412,-87.38292,32.45412 N -87.38292 W,0,Soybean,Glycine_max,LiveRoots,Soybean:LiveRoots,Xylaria necrophora,0,0,0,T.Garcia-Aroca,2018-06-27,2018,Contemp,X.necrophora_Contemp,DMCC3282_DMCC3282,Lin1,Lin1,Lin1,Lin1,Lin1,EastMissRiver,EastMissRiver,CentralAL,CentralAL,Lin1,Lin1,Lin1
111,DMCC3285_DMCC3285,DMCC3285,R-TG06272018-10-01.2,USA,AL,Dallas,USA:AL,Lyophilized,0,NA,AL_Dallas_04,4,AL_Dallas_04_Clone2,AL_Dallas_04_Clone2,Clone2,32.43786,-87.32622,32.43786 N -87.32622 W,0,Soybean,Glycine_max,LiveRoots,Soybean:LiveRoots,Xylaria necrophora,0,0,0,T.Garcia-Aroca,2018-06-27,2018,Contemp,X.necrophora_Contemp,DMCC3285_DMCC3285,Lin2,Lin2_Lin1,Lin2,Lin2,Lin2,EastMissRiver,EastMissRiver,CentralAL,CentralAL,Lin2,Admix,Lin2
112,DMCC3289_DMCC3289,DMCC3289,HK08202018-01.1,USA,TN,Milan,USA:TN,Lyophilized,0,NA,TN_Milan_01,1,TN_Milan_01_Clone1,TN_Milan_01_Clone1,Clone1,35.934277,-88.714482,35.934277 N -88.714482 W,0,Soybean,Glycine_max,LiveRoots,Soybean:LiveRoots,Xylaria necrophora,0,0,0,H.Kelly,2018-08-20,2018,Contemp,X.necrophora_Contemp,DMCC3289_DMCC3289,Lin1,Lin1,Lin1,Lin1,Lin1,EastMissRiver,EastMissRiver,WestTN,WestTN,Lin1,Lin1,Lin1
113,DMCC3291_DMCC3291,DMCC3291,HK08202018-02.1,USA,TN,Milan,USA:TN,Lyophilized,0,NA,TN_Milan_01,1,TN_Milan_01_Clone2,TN_Milan_01_Clone2,Clone2,35.934798,-88.713597,35.934798 N -88.713597 W,0,Soybean,Glycine_max,LiveRoots,Soybean:LiveRoots,Xylaria necrophora,0,0,0,H.Kelly,2018-08-20,2018,Contemp,X.necrophora_Contemp,DMCC3291_DMCC3291,Lin1,Lin1,Lin1,Lin1,Lin1,EastMissRiver,EastMissRiver,WestTN,WestTN,Lin1,Lin1,Lin1
114,DMCC3299_DMCC3299,DMCC3299,P-HK08272018-01,USA,TN,Madison,USA:TN,Lyophilized,0,NA,TN_Madison_01,1,TN_Madison_01_Clone1,TN_Madison_01_Clone1,Clone1,35.666347,-88.698662,35.666347 N -88.698662 W,0,Soybean,Glycine_max,LiveRoots,Soybean:LiveRoots,Xylaria necrophora,0,0,0,H.Kelly,2018-08-27,2018,Contemp,X.necrophora_Contemp,DMCC3299_DMCC3299,Lin1,Lin1,Lin1,Lin1,Lin1,EastMissRiver,EastMissRiver,WestTN,WestTN,Lin1,Lin1,Lin1
115,DMCC3300_DMCC3300,DMCC3300,ES07232018-01.3,USA,AL,Pickens,USA:AL,Lyophilized,0,NA,AL_Pickens_02,2,AL_Pickens_02_Clone1,AL_Pickens_02_Clone1,Clone1,33.1071083,-88.3171472,33.1071083 N -88.3171472 W,Virgin.soil,Soybean,Glycine_max,LiveRoots,Soybean:LiveRoots,Xylaria necrophora,0,0,0,E.Sikora,2018-07-23,2018,Contemp,X.necrophora_Contemp,DMCC3300_DMCC3300,Lin1,Lin1,Lin1,Lin1,Lin1,EastMissRiver,EastMissRiver,WestTN,WestTN,Lin1,Lin1,Lin1
116,DMCC3404_DMCC3404,DMCC3404,RG06262019-02.2,USA,TN,Haywood,USA:TN,Processed,0,NA,TN_Haywood_01,1,TN_Haywood_01_Clone1,TN_Haywood_01_Clone1,Clone1,35.578131,-89.222306,35.578131 N -89.222306 W,0,Soybean,Glycine_max,LiveRoots,Soybean:LiveRoots,Xylaria necrophora,0,0,0,R.Guyer,2019-06-26,2019,Contemp,X.necrophora_Contemp,DMCC3404_DMCC3404,Lin1,Lin1,Lin1,Lin1,Lin1,EastMissRiver,EastMissRiver,WestTN,WestTN,Lin1,Lin1,Lin1
117,DMCC3405_DMCC3405,DMCC3405,RG06262019-02.1,USA,TN,Haywood,USA:TN,Processed,0,NA,TN_Haywood_01,1,TN_Haywood_01_Clone1,TN_Haywood_01_Clone1,Clone1,35.578131,-89.22232,35.578131 N -89.22232 W,0,Soybean,Glycine_max,LiveRoots,Soybean:LiveRoots,Xylaria necrophora,0,0,0,R.Guyer,2019-06-26,2019,Contemp,X.necrophora_Contemp,DMCC3405_DMCC3405,Lin1,Lin1,Lin1,Lin1,Lin1,EastMissRiver,EastMissRiver,MS_AL,MS_AL,Lin1,Lin1,Lin1
118,DMCC3412_DMCC3412,DMCC3412,R_TG08182019-07,USA,AR,Ashley,USA:AR,Processed,0,NA,AR_Ashley_02,2,AR_Ashley_02_Clone1,AR_Ashley_02_Clone1,Clone1,33.35959,-91.49202,33.35959 N -91.49202 W,0,Soybean,Glycine_max,LiveRoots,Soybean:LiveRoots,Xylaria necrophora,0,0,0,T.Garcia-Aroca,2019-08-18,2019,Contemp,X.necrophora_Contemp,DMCC3412_DMCC3412,Lin2,Lin2,Lin2,Lin2,Lin2,WestMissRiver,WestMissRiver,WestMissRiver,WestMissRiver,Lin2,Lin2,Lin3
119,DMCC3413_DMCC3413,DMCC3413,R_TG08182019-10,USA,AR,Desha,USA:AR,Processed,0,NA,AR_Desha_02,2,AR_Desha_02_Clone1,AR_Desha_02_Clone1,Clone1,33.56009,-91.32127,33.56009 N -91.32127 W,0,Soybean,Glycine_max,LiveRoots,Soybean:LiveRoots,Xylaria necrophora,0,0,0,T.Garcia-Aroca,2019-08-18,2019,Contemp,X.necrophora_Contemp,DMCC3413_DMCC3413,Lin1,Lin1,Lin1,Lin1,Lin1,WestMissRiver,WestMissRiver,WestMissRiver,WestMissRiver,Lin1,Lin1,Lin1
120,DMCC3414_DMCC3414,DMCC3414,R_TG08202019-03,USA,AR,Monroe,USA:AR,Processed,0,NA,AR_Monroe_01,1,AR_Monroe_01_Clone1,AR_Monroe_01_Clone1,Clone1,34.43071,-91.063,34.43071 N -91.063 W,0,Soybean,Glycine_max,LiveRoots,Soybean:LiveRoots,Xylaria necrophora,0,0,0,T.Garcia-Aroca,2019-08-20,2019,Contemp,X.necrophora_Contemp,DMCC3414_DMCC3414,Lin1,Lin1,Lin1,Lin1,Lin1,WestMissRiver,WestMissRiver,WestMissRiver,WestMissRiver,Lin1,Lin1,Lin1
121,DMCC3415_DMCC3415,DMCC3415,R_TG08202019-06,USA,AR,Desha,USA:AR,Processed,0,NA,AR_Desha_07,7,AR_Desha_07_Clone1,AR_Desha_07_Clone1,Clone1,33.93972,-91.38939,33.93972 N -91.38939 W,0,Soybean,Glycine_max,LiveRoots,Soybean:LiveRoots,Xylaria necrophora,0,0,0,T.Garcia-Aroca,2019-08-20,2019,Contemp,X.necrophora_Contemp,DMCC3415_DMCC3415,Lin1,Lin1_Lin2,Lin1,Lin1,Lin1,WestMissRiver,WestMissRiver,WestMissRiver,WestMissRiver,Lin1,Lin1,Lin1
122,DMCC3416_DMCC3416,DMCC3416,R_TG08172019-12,USA,AR,Ashley,USA:AR,Processed,0,NA,AR_Ashley_05,5,AR_Ashley_05_Clone2,AR_Ashley_05_Clone2,Clone2,33.11301,-91.52091,33.11301 N -91.52091 W,0,Soybean,Glycine_max,LiveRoots,Soybean:LiveRoots,Xylaria necrophora,0,0,0,T.Garcia-Aroca,2019-08-17,2019,Contemp,X.necrophora_Contemp,DMCC3416_DMCC3416,Lin1,Lin1,Lin1,Lin1,Lin1,WestMissRiver,WestMissRiver,WestMissRiver,WestMissRiver,Lin1,Lin1,Lin1
123,DMCC3417_DMCC3417,DMCC3417,R_TG08182019-14,USA,AR,Desha,USA:AR,Processed,0,NA,AR_Desha_04,4,AR_Desha_04_Clone2,AR_Desha_04_Clone2,Clone2,33.80965,-91.26609,33.80965 N -91.26609 W,0,Soybean,Glycine_max,LiveRoots,Soybean:LiveRoots,Xylaria necrophora,0,0,0,T.Garcia-Aroca,2019-08-18,2019,Contemp,X.necrophora_Contemp,DMCC3417_DMCC3417,Lin1,Lin1,Lin1,Lin1,Lin1,WestMissRiver,WestMissRiver,WestMissRiver,WestMissRiver,Lin1,Lin1,Lin1
124,DMCC3418_DMCC3418,DMCC3418,R_TG08182019-13,USA,AR,Desha,USA:AR,Processed,0,NA,AR_Desha_04,4,AR_Desha_04_Clone1,AR_Desha_04_Clone1,Clone1,33.81002,-91.26594,33.81002 N -91.26594 W,0,Soybean,Glycine_max,LiveRoots,Soybean:LiveRoots,Xylaria necrophora,0,0,0,T.Garcia-Aroca,2019-08-18,2019,Contemp,X.necrophora_Contemp,DMCC3418_DMCC3418,Lin1,Lin1,Lin1,Lin1,Lin1,WestMissRiver,WestMissRiver,WestMissRiver,WestMissRiver,Lin1,Lin1,Lin1
125,DMCC3419_DMCC3419,DMCC3419,R_TG08162019-03,USA,LA,St_Landry,USA:LA,Processed,0,NA,LA_St_Landry_02,2,LA_St_Landry_02_Clone1,LA_St_Landry_02_Clone1,Clone1,30.64561,-92.04976,30.64561 N -92.04976 W,0,Soybean,Glycine_max,LiveRoots,Soybean:LiveRoots,Xylaria necrophora,0,0,0,T.Garcia-Aroca,2019-08-16,2019,Contemp,X.necrophora_Contemp,DMCC3419_DMCC3419,Lin1,Lin1,Lin1,Lin1,Lin1,WestMissRiver,WestMissRiver,SouthernLA,SouthernLA_Rice,Lin1,Lin1,Lin1
126,DMCC3420_DMCC3420,DMCC3420,R_TG08202019-08,USA,AR,Desha,USA:AR,Processed,0,NA,AR_Desha_07,7,AR_Desha_07_Clone2,AR_Desha_07_Clone2,Clone2,33.93994,-91.38913,33.93994 N -91.38913 W,0,Soybean,Glycine_max,LiveRoots,Soybean:LiveRoots,Xylaria necrophora,0,0,0,T.Garcia-Aroca,2019-08-20,2019,Contemp,X.necrophora_Contemp,DMCC3420_DMCC3420,Lin1,Lin1,Lin1,Lin1,Lin1,WestMissRiver,WestMissRiver,WestMissRiver,WestMissRiver,Lin1,Lin1,Lin1
127,DMCC3423_DMCC3423,DMCC3423,R_TG08162019-10,USA,LA,Natchitoches,USA:LA,Processed,0,NA,LA_Natchitoches_04,4,LA_Natchitoches_04_Clone1,LA_Natchitoches_04_Clone1,Clone1,31.82464,-93.07764,31.82464 N -93.07764 W,0,Soybean,Glycine_max,LiveRoots,Soybean:LiveRoots,Xylaria necrophora,0,0,0,T.Garcia-Aroca,2019-08-16,2019,Contemp,X.necrophora_Contemp,DMCC3423_DMCC3423,Lin2,Lin2,Lin2,Lin2,Lin2,WestMissRiver,WestMissRiver,RedRiver,RedRiver,Lin2,Lin2,Lin3
128,DMCC3424_DMCC3424,DMCC3424,R_TG08192019-04,USA,AR,Phillips,USA:AR,Processed,0,NA,AR_Phillips_01,1,AR_Phillips_01_Clone1,AR_Phillips_01_Clone1,Clone1,34.32474,-90.84451,34.32474 N -90.84451 W,0,Soybean,Glycine_max,LiveRoots,Soybean:LiveRoots,Xylaria necrophora,0,0,0,T.Garcia-Aroca,2019-08-19,2019,Contemp,X.necrophora_Contemp,DMCC3424_DMCC3424,Lin1,Lin1,Lin1,Lin1,Lin1,WestMissRiver,WestMissRiver,WestMissRiver,WestMissRiver,Lin1,Lin1,Lin1
129,DMCC3425_DMCC3425,DMCC3425,R_TG08202019-04,USA,AR,Monroe,USA:AR,Processed,0,NA,AR_Monroe_01,1,AR_Monroe_01_Clone3,AR_Monroe_01_Clone3,Clone3,34.431,-91.06289,34.431 N -91.06289 W,0,Soybean,Glycine_max,LiveRoots,Soybean:LiveRoots,Xylaria necrophora,0,0,0,T.Garcia-Aroca,2019-08-20,2019,Contemp,X.necrophora_Contemp,DMCC3425_DMCC3425,Lin1,Lin1,Lin1,Lin1,Lin1,WestMissRiver,WestMissRiver,WestMissRiver,WestMissRiver,Lin1,Lin1,Lin1
130,DMCC3426_DMCC3426,DMCC3426,R_TG08172019-09,USA,AR,Ashley,USA:AR,Processed,0,NA,AR_Ashley_04,4,AR_Ashley_04_Clone2,AR_Ashley_04_Clone2,Clone2,33.0993,-91.55125,33.0993 N -91.55125 W,0,Soybean,Glycine_max,LiveRoots,Soybean:LiveRoots,Xylaria necrophora,0,0,0,T.Garcia-Aroca,2019-08-17,2019,Contemp,X.necrophora_Contemp,DMCC3426_DMCC3426,Lin1,Lin1,Lin1,Lin1,Lin1,WestMissRiver,WestMissRiver,WestMissRiver,WestMissRiver,Lin1,Lin1,Lin1
131,DMCC3427_DMCC3427,DMCC3427,R_TG08172019-07,USA,LA,Morehouse,USA:LA,Processed,0,NA,LA_Morehouse_04,4,LA_Morehouse_04_Clone1,LA_Morehouse_04_Clone1,Clone1,32.93307,-91.71283,32.93307 N -91.71283 W,0,Soybean,Glycine_max,LiveRoots,Soybean:LiveRoots,Xylaria necrophora,0,0,0,T.Garcia-Aroca,2019-08-17,2019,Contemp,X.necrophora_Contemp,DMCC3427_DMCC3427,Lin1,Lin1_Lin2,Lin1,Lin1,Lin1,WestMissRiver,WestMissRiver,WestMissRiver,WestMissRiver,Lin1,Lin1,Lin1
132,DMCC3429_DMCC3429,DMCC3429,R_TG08172019-13,USA,AR,Ashley,USA:AR,Processed,0,NA,AR_Ashley_05,5,AR_Ashley_05_Clone1,AR_Ashley_05_Clone1,Clone1,33.11227,-91.52069,33.11227 N -91.52069 W,0,Soybean,Glycine_max,LiveRoots,Soybean:LiveRoots,Xylaria necrophora,0,0,0,T.Garcia-Aroca,2019-08-17,2019,Contemp,X.necrophora_Contemp,DMCC3429_DMCC3429,Lin2,Lin2_Lin1,Lin2,Lin1,Lin2,WestMissRiver,WestMissRiver,WestMissRiver,WestMissRiver,Lin1,Lin1,Lin1
133,DMCC3430_DMCC3430,DMCC3430,R_TG08202019-10,USA,AR,Desha,USA:AR,Processed,0,NA,AR_Desha_08,8,AR_Desha_08_Clone1,AR_Desha_08_Clone1,Clone1,33.80925,-91.46994,33.80925 N -91.46994 W,0,Soybean,Glycine_max,LiveRoots,Soybean:LiveRoots,Xylaria necrophora,0,0,0,T.Garcia-Aroca,2019-08-20,2019,Contemp,X.necrophora_Contemp,DMCC3430_DMCC3430,Lin2,Lin2,Lin2,Lin1,Lin2,WestMissRiver,WestMissRiver,WestMissRiver,WestMissRiver,Lin1,Lin1,Lin1
134,DMCC3431_DMCC3431,DMCC3431,R_TG08182019-06,USA,AR,Ashley,USA:AR,Processed,0,NA,AR_Ashley_02,2,AR_Ashley_02_Clone2,AR_Ashley_02_Clone2,Clone2,33.3593,-91.49197,33.3593 N -91.49197 W,0,Soybean,Glycine_max,LiveRoots,Soybean:LiveRoots,Xylaria necrophora,0,0,0,T.Garcia-Aroca,2019-08-18,2019,Contemp,X.necrophora_Contemp,DMCC3431_DMCC3431,Lin2,Lin2,Lin2,Lin2,Lin2,WestMissRiver,WestMissRiver,WestMissRiver,WestMissRiver,Lin2,Lin2,Lin3
135,DMCC3432_DMCC3432,DMCC3432,R_TG08182019-04,USA,AR,Chicot,USA:AR,Processed,0,NA,AR_Chicot_01,1,AR_Chicot_01_Clone1,AR_Chicot_01_Clone1,Clone1,33.17728,-91.25912,33.17728 N -91.25912 W,0,Soybean,Glycine_max,LiveRoots,Soybean:LiveRoots,Xylaria necrophora,0,0,0,T.Garcia-Aroca,2019-08-18,2019,Contemp,X.necrophora_Contemp,DMCC3432_DMCC3432,Lin1,Lin1,Lin1,Lin1,Lin1,WestMissRiver,WestMissRiver,WestMissRiver,WestMissRiver,Lin1,Lin1,Lin1
136,DMCC3433_DMCC3433,DMCC3433,R_TG08202019-02,USA,AR,Monroe,USA:AR,Processed,0,NA,AR_Monroe_01,1,AR_Monroe_01_Clone2,AR_Monroe_01_Clone2,Clone2,34.43062,-91.063,34.43062 N -91.063 W,0,Soybean,Glycine_max,LiveRoots,Soybean:LiveRoots,Xylaria necrophora,0,0,0,T.Garcia-Aroca,2019-08-20,2019,Contemp,X.necrophora_Contemp,DMCC3433_DMCC3433,Lin1,Lin1,Lin1,Lin1,Lin1,WestMissRiver,WestMissRiver,WestMissRiver,WestMissRiver,Lin1,Lin1,Lin1
137,DMCC3434_DMCC3434,DMCC3434,R_TG08182019-16,USA,AR,Desha,USA:AR,Processed,0,NA,AR_Desha_06,6,AR_Desha_06_Clone1,AR_Desha_06_Clone1,Clone1,33.90547,-91.26201,33.90547 N -91.26201 W,0,Soybean,Glycine_max,LiveRoots,Soybean:LiveRoots,Xylaria necrophora,0,0,0,T.Garcia-Aroca,2019-08-18,2019,Contemp,X.necrophora_Contemp,DMCC3434_DMCC3434,Lin2,Lin2_Lin1,Lin2,Lin1,Lin2,WestMissRiver,WestMissRiver,WestMissRiver,WestMissRiver,Lin1,Lin1,Lin1
138,DMCC3435_DMCC3435,DMCC3435,R_TG08202019-07,USA,AR,Desha,USA:AR,Processed,0,NA,AR_Desha_07,7,AR_Desha_07_Clone3,AR_Desha_07_Clone3,Clone3,33.93981,-91.38918,33.93981 N -91.38918 W,0,Soybean,Glycine_max,LiveRoots,Soybean:LiveRoots,Xylaria necrophora,0,0,0,T.Garcia-Aroca,2019-08-20,2019,Contemp,X.necrophora_Contemp,DMCC3435_DMCC3435,Lin1,Lin1,Lin1,Lin1,Lin1,WestMissRiver,WestMissRiver,WestMissRiver,WestMissRiver,Lin1,Lin1,Lin1
139,DMCC3436_DMCC3436,DMCC3436,R_TG08162019-07,USA,LA,Grant,USA:LA,Processed,0,NA,LA_Grant_01,1,LA_Grant_01_Clone1,LA_Grant_01_Clone1,Clone1,31.4174,-92.67054,31.4174 N -92.67054 W,0,Soybean,Glycine_max,LiveRoots,Soybean:LiveRoots,Xylaria necrophora,0,0,0,T.Garcia-Aroca,2019-08-16,2019,Contemp,X.necrophora_Contemp,DMCC3436_DMCC3436,Lin1,Lin1,Lin1,Lin1,Lin1,WestMissRiver,WestMissRiver,RedRiver,RedRiver,Lin1,Lin1,Lin1
140,DMCC3437_DMCC3437,DMCC3437,R_TG08242019-01,USA,AR,Desha,USA:AR,Processed,0,NA,AR_Desha_05,5,AR_Desha_05_Clone1,AR_Desha_05_Clone1,Clone1,31.82569,-93.16979,31.82569 N -93.16979 W,0,Soybean,Glycine_max,LiveRoots,Soybean:LiveRoots,Xylaria necrophora,0,0,0,T.Garcia-Aroca,2019-08-24,2019,Contemp,X.necrophora_Contemp,DMCC3437_DMCC3437,Lin1,Lin1,Lin1,Lin1,Lin1,WestMissRiver,WestMissRiver,RedRiver,RedRiver,Lin1,Lin1,Lin1
141,DMCC3438_DMCC3438,DMCC3438,R_TG08202019-09,USA,AR,Desha,USA:AR,Processed,0,NA,AR_Desha_08,8,AR_Desha_08_Clone2,AR_Desha_08_Clone2,Clone2,33.80912,-91.46966,33.80912 N -91.46966 W,0,Soybean,Glycine_max,LiveRoots,Soybean:LiveRoots,Xylaria necrophora,0,0,0,T.Garcia-Aroca,2019-08-20,2019,Contemp,X.necrophora_Contemp,DMCC3438_DMCC3438,Lin2,Lin2,Lin2,Lin2,Lin2,WestMissRiver,WestMissRiver,WestMissRiver,WestMissRiver,Lin2,Lin2,Lin3
142,DMCC3439_DMCC3439,DMCC3439,R_TG08182019-05,USA,AR,Ashley,USA:AR,Processed,0,NA,AR_Ashley_03,3,AR_Ashley_03_Clone1,AR_Ashley_03_Clone1,Clone1,33.26809,-91.49929,33.26809 N -91.49929 W,0,Soybean,Glycine_max,LiveRoots,Soybean:LiveRoots,Xylaria necrophora,0,0,0,T.Garcia-Aroca,2019-08-18,2019,Contemp,X.necrophora_Contemp,DMCC3439_DMCC3439,Lin1,Lin1,Lin1,Lin1,Lin1,WestMissRiver,WestMissRiver,WestMissRiver,WestMissRiver,Lin1,Lin1,Lin1
143,DMCC3440_DMCC3440,DMCC3440,R_TG08172019-08,USA,AR,Ashley,USA:AR,Processed,0,NA,AR_Ashley_04,4,AR_Ashley_04_Clone1,AR_Ashley_04_Clone1,Clone1,33.09937,-91.55196,33.09937 N -91.55196 W,0,Soybean,Glycine_max,LiveRoots,Soybean:LiveRoots,Xylaria necrophora,0,0,0,T.Garcia-Aroca,2019-08-17,2019,Contemp,X.necrophora_Contemp,DMCC3440_DMCC3440,Lin1,Lin1,Lin1,Lin1,Lin1,WestMissRiver,WestMissRiver,WestMissRiver,WestMissRiver,Lin1,Lin1,Lin1
144,DMCC3441_DMCC3441,DMCC3441,R_TG08202019-13,USA,AR,Chicot,USA:AR,Processed,0,NA,AR_Chicot_03,3,AR_Chicot_03_Clone1,AR_Chicot_03_Clone1,Clone1,33.05113,-91.21625,33.05113 N -91.21625 W,0,Soybean,Glycine_max,LiveRoots,Soybean:LiveRoots,Xylaria necrophora,0,0,0,T.Garcia-Aroca,2019-08-20,2019,Contemp,X.necrophora_Contemp,DMCC3441_DMCC3441,Lin1,Lin1,Lin1,Lin1,Lin1,WestMissRiver,WestMissRiver,WestMissRiver,WestMissRiver,Lin1,Lin1,Lin1
145,DMCC3442_DMCC3442,DMCC3442,R_TG08192019-03,USA,AR,Phillips,USA:AR,Processed,0,NA,AR_Phillips_01,1,AR_Phillips_01_Clone2,AR_Phillips_01_Clone2,Clone2,34.32481,-90.84444,34.32481 N -90.84444 W,0,Soybean,Glycine_max,LiveRoots,Soybean:LiveRoots,Xylaria necrophora,0,0,0,T.Garcia-Aroca,2019-08-19,2019,Contemp,X.necrophora_Contemp,DMCC3442_DMCC3442,Lin1,Lin1,Lin1,Lin1,Lin1,WestMissRiver,WestMissRiver,WestMissRiver,WestMissRiver,Lin1,Lin1,Lin1
146,DMCC3443_DMCC3443,DMCC3443,R_TG08182019-12,USA,AR,Desha,USA:AR,Processed,0,NA,AR_Desha_03,3,AR_Desha_03_Clone1,AR_Desha_03_Clone1,Clone1,33.72518,-91.27074,33.72518 N -91.27074 W,0,Soybean,Glycine_max,LiveRoots,Soybean:LiveRoots,Xylaria necrophora,0,0,0,T.Garcia-Aroca,2019-08-18,2019,Contemp,X.necrophora_Contemp,DMCC3443_DMCC3443,Lin1,Lin1,Lin1,Lin1,Lin1,WestMissRiver,WestMissRiver,WestMissRiver,WestMissRiver,Lin1,Lin1,Lin1
147,DMCC3444_DMCC3444,DMCC3444,R_TG08242019-03,USA,LA,Natchitoches,USA:LA,Processed,0,NA,LA_Natchitoches_05,5,LA_Natchitoches_05_Clone2,LA_Natchitoches_05_Clone2,Clone2,31.82698,-93.16921,31.82698 N -93.16921 W,0,Soybean,Glycine_max,LiveRoots,Soybean:LiveRoots,Xylaria necrophora,0,0,0,T.Garcia-Aroca,2019-08-24,2019,Contemp,X.necrophora_Contemp,DMCC3444_DMCC3444,Lin2,Lin2,Lin2,Lin2,Lin2,WestMissRiver,WestMissRiver,RedRiver,RedRiver,Lin2,Lin2,Lin3
148,DMCC3445_DMCC3445,DMCC3445,R_TG08172019-05,USA,LA,Caddo,USA:LA,Processed,0,NA,LA_Caddo_04,4,LA_Caddo_04_Clone1,LA_Caddo_04_Clone1,Clone1,32.3792,-93.66389,32.3792 N -93.66389 W,0,Soybean,Glycine_max,LiveRoots,Soybean:LiveRoots,Xylaria necrophora,0,0,0,T.Garcia-Aroca,2019-08-17,2019,Contemp,X.necrophora_Contemp,DMCC3445_DMCC3445,Lin2,Lin2_Lin1,Lin2,Lin1,Lin2,WestMissRiver,WestMissRiver,RedRiver,RedRiver,Lin1,Lin1,Lin1
149,DMCC3446_DMCC3446,DMCC3446,R_TG08182019-09,USA,AR,Desha,USA:AR,Processed,0,NA,AR_Desha_02,2,AR_Desha_02_Clone2,AR_Desha_02_Clone2,Clone2,33.56023,-91.32131,33.56023 N -91.32131 W,0,Soybean,Glycine_max,LiveRoots,Soybean:LiveRoots,Xylaria necrophora,0,0,0,T.Garcia-Aroca,2019-08-18,2019,Contemp,X.necrophora_Contemp,DMCC3446_DMCC3446,Lin1,Lin1,Lin1,Lin1,Lin1,WestMissRiver,WestMissRiver,WestMissRiver,WestMissRiver,Lin1,Lin1,Lin1
150,DMCC3448_DMCC3448,DMCC3448,R_TG08242019-10,USA,LA,Caddo,USA:LA,Processed,0,NA,LA_Caddo_03,3,LA_Caddo_03_Clone1,LA_Caddo_03_Clone1,Clone1,32.31397,-93.64616,32.31397 N -93.64616 W,0,Soybean,Glycine_max,LiveRoots,Soybean:LiveRoots,Xylaria necrophora,0,0,0,T.Garcia-Aroca,2019-08-24,2019,Contemp,X.necrophora_Contemp,DMCC3448_DMCC3448,Lin2,Lin2,Lin2,Lin2,Lin2,WestMissRiver,WestMissRiver,RedRiver,RedRiver,Lin2,Admix,Lin2
151,DMCC3449_DMCC3449,DMCC3449,R_TG08252019-01,USA,AR,St_Francis,USA:AR,Processed,0,NA,AR_St_Francis_01,1,AR_St_Francis_01_Clone1,AR_St_Francis_01_Clone1,Clone1,34.97916,-91.11614,34.97916 N -91.11614 W,0,Soybean,Glycine_max,LiveRoots,Soybean:LiveRoots,Xylaria necrophora,0,0,0,T.Garcia-Aroca,2019-08-25,2019,Contemp,X.necrophora_Contemp,DMCC3449_DMCC3449,Lin1,Lin1,Lin1,Lin1,Lin1,WestMissRiver,WestMissRiver,WestMissRiver,WestMissRiver,Lin1,Lin1,Lin1
152,DMCC3450_DMCC3450,DMCC3450,R_TG08252019-03,USA,AR,Desha,USA:AR,Processed,0,NA,AR_Desha_05,5,AR_Desha_05_Clone3,AR_Desha_05_Clone3,Clone3,33.83416,-91.25883,33.83416 N -91.25883 W,0,Soybean,Glycine_max,LiveRoots,Soybean:LiveRoots,Xylaria necrophora,0,0,0,T.Garcia-Aroca,2019-08-25,2019,Contemp,X.necrophora_Contemp,DMCC3450_DMCC3450,Lin1,Lin1,Lin1,Lin1,Lin1,WestMissRiver,WestMissRiver,WestMissRiver,WestMissRiver,Lin1,Lin1,Lin1
153,DMCC3451_DMCC3451,DMCC3451,R_TG08242019-06,USA,LA,Red_River,USA:LA,Processed,0,NA,LA_Red_River_02,2,LA_Red_River_02_Clone1,LA_Red_River_02_Clone1,Clone1,32.17656,-93.47825,32.17656 N -93.47825 W,0,Soybean,Glycine_max,LiveRoots,Soybean:LiveRoots,Xylaria necrophora,0,0,0,T.Garcia-Aroca,2019-08-24,2019,Contemp,X.necrophora_Contemp,DMCC3451_DMCC3451,Lin1,Lin1,Lin1,Lin1,Lin1,WestMissRiver,WestMissRiver,RedRiver,RedRiver,Lin1,Lin1,Lin1
154,DMCC3452_DMCC3452,DMCC3452,R_TG08242019-09,USA,LA,Red_River,USA:LA,Processed,0,NA,LA_Red_River_03,3,LA_Red_River_03_Clone1,LA_Red_River_03_Clone1,Clone1,32.22123,-93.48523,32.22123 N -93.48523 W,0,Soybean,Glycine_max,LiveRoots,Soybean:LiveRoots,Xylaria necrophora,0,0,0,T.Garcia-Aroca,2019-08-24,2019,Contemp,X.necrophora_Contemp,DMCC3452_DMCC3452,Lin1,Lin1,Lin1,Lin1,Lin1,WestMissRiver,WestMissRiver,RedRiver,RedRiver,Lin1,Lin1,Lin1
155,DMCC3453_DMCC3453,DMCC3453,R_TG08252019-02,USA,AR,Desha,USA:AR,Processed,0,NA,AR_Desha_05,5,AR_Desha_05_Clone2,AR_Desha_05_Clone2,Clone2,33.83371,-91.25897,33.83371 N -91.25897 W,0,Soybean,Glycine_max,LiveRoots,Soybean:LiveRoots,Xylaria necrophora,0,0,0,T.Garcia-Aroca,2019-08-25,2019,Contemp,X.necrophora_Contemp,DMCC3453_DMCC3453,Lin1,Lin1,Lin1,Lin1,Lin1,WestMissRiver,WestMissRiver,WestMissRiver,WestMissRiver,Lin1,Lin1,Lin1
156,DMCC3455_DMCC3455,DMCC3455,R_TG08242019-02,USA,LA,Natchitoches,USA:LA,Processed,0,NA,LA_Natchitoches_05,5,LA_Natchitoches_05_Clone1,LA_Natchitoches_05_Clone1,Clone1,31.82653,-93.16957,31.82653 N -93.16957 W,0,Soybean,Glycine_max,LiveRoots,Soybean:LiveRoots,Xylaria necrophora,0,0,0,T.Garcia-Aroca,2019-08-24,2019,Contemp,X.necrophora_Contemp,DMCC3455_DMCC3455,Lin2,Lin2,Lin2,Lin2,Lin2,WestMissRiver,WestMissRiver,RedRiver,RedRiver,Lin2,Lin2,Lin3
157,DMCC3456_DMCC3456,DMCC3456,R_TG08242019-05,USA,LA,Red_River,USA:LA,Processed,0,NA,LA_Red_River_01,1,LA_Red_River_01_Clone2,LA_Red_River_01_Clone2,Clone2,32.00722,-93.38043,32.00722 N -93.38043 W,0,Soybean,Glycine_max,LiveRoots,Soybean:LiveRoots,Xylaria necrophora,0,0,0,T.Garcia-Aroca,2019-08-24,2019,Contemp,X.necrophora_Contemp,DMCC3456_DMCC3456,Lin2,Lin2,Lin2,Lin2,Lin2,WestMissRiver,WestMissRiver,RedRiver,RedRiver,Lin2,Admix,Lin2
158,DMCC3457_DMCC3457,DMCC3457,R_TG08162019-06,USA,LA,Grant,USA:LA,Processed,0,NA,LA_Grant_01,1,LA_Grant_01_Clone2,LA_Grant_01_Clone2,Clone2,31.41743,-92.67059,31.41743 N -92.67059 W,0,Soybean,Glycine_max,LiveRoots,Soybean:LiveRoots,Xylaria necrophora,0,0,0,T.Garcia-Aroca,2019-08-16,2019,Contemp,X.necrophora_Contemp,DMCC3457_DMCC3457,Lin2,Lin2,Lin2,Lin2,Lin2,WestMissRiver,WestMissRiver,RedRiver,RedRiver,Lin2,Lin2,Lin3
159,DMCC3458_DMCC3458,DMCC3458,R_TG08242019-04,USA,LA,Red_River,USA:LA,Processed,0,NA,LA_Red_River_01,1,LA_Red_River_01_Clone1,LA_Red_River_01_Clone1,Clone1,33.72458,-91.29953,33.72458 N -91.29953 W,0,Soybean,Glycine_max,LiveRoots,Soybean:LiveRoots,Xylaria necrophora,0,0,0,T.Garcia-Aroca,2019-08-24,2019,Contemp,X.necrophora_Contemp,DMCC3458_DMCC3458,Lin1,Lin1,Lin1,Lin1,Lin1,WestMissRiver,WestMissRiver,WestMissRiver,WestMissRiver,Lin1,Lin1,Lin1
160,DMCC3459_DMCC3459,DMCC3459,R_TG08172019-01,USA,LA,Natchitoches,USA:LA,Processed,0,NA,LA_Natchitoches_03,3,LA_Natchitoches_03_Clone1,LA_Natchitoches_03_Clone1,Clone1,31.61,-92.9821,31.61 N -92.9821 W,0,Soybean,Glycine_max,LiveRoots,Soybean:LiveRoots,Xylaria necrophora,0,0,0,T.Garcia-Aroca,2019-08-17,2019,Contemp,X.necrophora_Contemp,DMCC3459_DMCC3459,Lin1,Lin1,Lin1,Lin1,Lin1,WestMissRiver,WestMissRiver,RedRiver,RedRiver,Lin1,Lin1,Lin1
161,DMCC3460_DMCC3460,DMCC3460,R_TG08202019-12,USA,AR,Chicot,USA:AR,Processed,0,NA,AR_Chicot_02,2,AR_Chicot_02_Clone1,AR_Chicot_02_Clone1,Clone1,33.22154,-91.25787,33.22154 N -91.25787 W,0,Soybean,Glycine_max,LiveRoots,Soybean:LiveRoots,Xylaria necrophora,0,0,0,T.Garcia-Aroca,2019-08-20,2019,Contemp,X.necrophora_Contemp,DMCC3460_DMCC3460,Lin1,Lin1,Lin1,Lin1,Lin1,WestMissRiver,WestMissRiver,WestMissRiver,WestMissRiver,Lin1,Lin1,Lin1
162,DMCC3461_DMCC3461,DMCC3461,Yalobusha81519,USA,MS,Yalobusha,USA:MS,Processed,0,NA,MS_Yalobusha_03,3,MS_Yalobusha_03_Clone1,MS_Yalobusha_03_Clone1,Clone1,34.13402,-89.649611,34.13402 N -89.649611 W,0,Soybean,Glycine_max,LiveRoots,Soybean:LiveRoots,Xylaria necrophora,0,0,0,T.Allen,2019-08-15,2019,Contemp,X.necrophora_Contemp,DMCC3461_DMCC3461,Lin1,Lin1,Lin1,Lin1,Lin1,EastMissRiver,EastMissRiver,EastMissRiver,EastMissRiver_Yal,Lin1,Lin1,Lin1
163,DMCC3463_DMCC3463,DMCC3463,TG08162019-02,USA,LA,St_Landry,USA:LA,Processed,0,NA,LA_St_Landry_03,3,LA_St_Landry_03_Clone1,LA_St_Landry_03_Clone1,Clone1,30.64593,-92.04997,30.64593 N -92.04997 W,0,Soybean,Glycine_max,LiveRoots,Soybean:LiveRoots,Xylaria necrophora,0,0,0,T.Garcia-Aroca,2019-08-16,2019,Contemp,X.necrophora_Contemp,DMCC3463_DMCC3463,Lin1,Lin1,Lin1,Lin1,Lin1,WestMissRiver,WestMissRiver,SouthernLA,SouthernLA_Avo,Lin1,Lin1,Lin1
164,DMCC3464_DMCC3464,DMCC3464,TG08252019-04,USA,AR,Desha,USA:AR,Processed,0,NA,AR_Desha_09,9,AR_Desha_09_Clone1,AR_Desha_09_Clone1,Clone1,33.72458,-91.29963,33.72458 N -91.29963 W,0,Soybean,Glycine_max,LiveRoots,Soybean:LiveRoots,Xylaria necrophora,0,0,0,T.Garcia-Aroca,2019-08-16,2019,Contemp,X.necrophora_Contemp,DMCC3464_DMCC3464,Lin1,Lin1,Lin1,Lin1,Lin1,WestMissRiver,WestMissRiver,WestMissRiver,WestMissRiver,Lin1,Lin1,Lin1
165,DMCC3828_DMCC3828,DMCC3828,CLL5110_YMJ205,Martinique,Case_Pilote,NA,Martinique:Case_Pilote,Processed,,NA,Case_Pilote_01,1,Case_Pilote_01_Clone1,Case_Pilote_01_Clone1,Clone1,14.6430556,-61.1375,14.6430556 N -61.1375 W,NA,NA,Undetermined,DeadWood,NA:DeadWood,Xylaria necrophora,NA,NA,NA,C.Lechat,2005-08-21,2005,Contemp,X.necrophora_Contemp,DMCC3828_DMCC3828,Lin1,Lin1_Lin2,Lin1,Lin1,Lin1,EastMissRiver,EastMissRiver,EastMissRiver,Caribbean,Lin1,Lin1,Lin1
166,DMCC3829_DMCC3829,DMCC3829,Glendora_(TA07012020-01_03),USA,MS,Tallahatchie,USA:MS,Processed,NA,NA,MS_Tallahatchie_02,NA,MS_Tallahatchie_02_Clone1,MS_Tallahatchie_02_Clone1,Clone1,33.8927778,-90.30402222,33.8927778 N -90.30402222 W,NA,Soybean,Glycine_max,LiveRoots,Soybean:LiveRoots,Xylaria necrophora,NA,NA,NA,T.Allen,2020-07-01,2020,Contemp,X.necrophora_Contemp,DMCC3829_DMCC3829,Lin2,Lin2_Lin1,Lin2,Lin1,Lin2,EastMissRiver,EastMissRiver,EastMissRiver,EastMissRiver,Lin1,Lin1,Lin1
167,DMCC3852_DMCC3852,DMCC3852,TRD-20-1.Miff-105-3-M,USA,TN,Jackson,USA:TN,Processed,,NA,TN_Jackson_01,1,TN_Jackson_01_Clone1,TN_Jackson_01_Clone1,Clone1,35.611593,-88.770476,35.611593 N -88.770476 W,NA,Soybean,Glycine_max,LiveRoots,Soybean:LiveRoots,Xylaria necrophora,P444_RXS,NA,NA,S.Pate.R.Guyer.T.Smith.H.Kelly,2020-08-12,2020,Contemp,X.necrophora_Contemp,DMCC3852_DMCC3852,Lin1,Lin1,Lin1,Lin1,Lin1,EastMissRiver,EastMissRiver,WestTN,WestTN,Lin1,Lin1,Lin1
168,DMCC3861_DMCC3861,DMCC3861,Plant_5_R2,USA,TN,Haywood,USA:TN,Processed,,NA,TN_Haywood_02,NA,TN_Haywood_02_Clone1,TN_Haywood_02_Clone1,Clone1,35.612583,-89.354182,35.612583 N -89.354182 W,NA,Soybean,Glycine_max,LiveRoots,Soybean:LiveRoots,Xylaria necrophora,NA,NA,NA,Pate.S.,2020-08-19,2020,Contemp,X.necrophora_Contemp,DMCC3861_DMCC3861,Lin1,Lin1,Lin1,Lin1,Lin1,EastMissRiver,EastMissRiver,WestTN,WestTN,Lin1,Lin1,Lin1
169,DMCC3866_DMCC3866,DMCC3866,TRD-20-1.Mil-10-M,USA,TN,Milan,USA:TN,Processed,,NA,TN_Milan_02,1,TN_Milan_02_Clone1,TN_Milan_02_Clone1,Clone1,35.938745,-88.716069,35.938745 N -88.716069 W,NA,NA,Glycine_max,LiveRoots,NA:LiveRoots,Xylaria necrophora,Dyna_Gro_S45EN10,NA,NA,H.Kelly,2020-08-18,2020,Contemp,X.necrophora_Contemp,DMCC3866_DMCC3866,Lin1,Lin1,Lin1,Lin1,Lin1,EastMissRiver,EastMissRiver,WestTN,WestTN,Lin1,Lin1,Lin1
170,DMCC3879_DMCC3879,DMCC3879,MHF09022020-01,USA,LA,Independence,USA:LA,Processed,,NA,LA_Independence_01_Clone1,,NA,LA_Independence_01_Clone1,Clone1,30.973111,-90.039664,30.973111 N -90.039664 W,NA,Jappanese_Mapple,Acer_plamatum,LiveStem,Jappanese_Mapple:LiveStem,Xylaria arbuscula,NA,NA,NA,Ferguson.M.H.,2020-09-02,2020,Contemp,X.arbuscula_Contemp,DMCC3879_DMCC3879,None,None,None,NA,None,WestMissRiver,WestMissRiver,SouthernLA,SouthernLA_BR,None,None,None
171,DMCC4041_DMCC4041,DMCC4041,X_arbuscula_var_plenofissura_93082814,Taiwan,NA,Pingtung,Taiwan:NA,Processed,NA,NA,NA,NA,NA,X_arbuscula_var_plenofissura_93082814,NA,NA,NA,missing,NA,Undetermined,Undetermined,DeadWood,Undetermined:DeadWood,Xylaria arbuscula.var.plenofissura,NA,NA,NA,Ju.Y-M.Hsieh.H-M,NA,NA,Historical,X.arbuscula.var.plenofissura_Historical,DMCC4041_DMCC4041,None,None,None,NA,None,Taiwan,Taiwan,Taiwan,Taiwan,None,None,None
172,DMCC4042_DMCC4042,DMCC4042,X_arbuscula_94042302,Taiwan,NA,NA,Taiwan:NA,Processed,NA,NA,NA,NA,NA,X_arbuscula_94042302,NA,NA,NA,missing,NA,Uknown,Undetermined,Unknown,Uknown:Unknown,Xylaria arbuscula,NA,NA,NA,NA,NA,NA,Historical,X.arbuscula_Historical,DMCC4042_DMCC4042,None,None,None,NA,None,Taiwan,Taiwan,Taiwan,Taiwan,None,None,None
173,DMCC4043_DMCC4043,DMCC4043,X_striata_YMJ304,China,Yunnan,NA,China:Yunnan,Processed,NA,NA,NA,NA,NA,X_striata_YMJ304,NA,NA,NA,missing,NA,Pomegranate,Punica_granatum,DeadBranch,Pomegranate:DeadBranch,Xylaria striata,NA,NA,NA,Leu.L-S.,NA,2006,Historical,X.striata_Historical,DMCC4043_DMCC4043,None,None,None,NA,None,China,China,China,China,None,None,None
174,DMCC4044_DMCC4044,DMCC4044,X_bambusicola_YMJ205,Thailand,Surat_Thani,Khao_Sok,Thailand:Surat_Thani,Processed,NA,NA,NA,NA,NA,X_bambusicola_YMJ205,NA,NA,NA,missing,NA,Bamboo,Bambusa_vulgars,Culm,Bamboo:Culm,Xylaria bambusicola,NA,NA,NA,Bandoni.R.JA.A.etal.(JDR),1995-10-06,NA,Historical,X.bambusicola_Historical,DMCC4044_DMCC4044,None,None,None,NA,None,Thailand,Thailand,Thailand,Thailand,None,None,None
175,DMCC4045_DMCC4045,DMCC4045,X_venosula_94080508,USA,HI,NA,USA:HI,Processed,NA,NA,NA,NA,NA,X_venosula_94080508,NA,NA,NA,missing,NA,Uknown,Undetermined,Unknown,Uknown:Unknown,Xylaria venosula,NA,NA,NA,Ju.Y-M.Hsieh.H-M,NA,NA,Historical,X.venosula_Historical,DMCC4045_DMCC4045,None,None,None,NA,None,PacificOcean,PacificOcean,PacificOcean,PacificOcean,None,None,None